doi,title,year,container_title,authors_first_six,source_type,url,verification_status,discovery_path,matched_terms,use_boundary
10.1016/0042-207x(59)90514-7,370. Effect of the solar wind on the lunar atmosphere,1959,Vacuum,,journal-article,https://doi.org/10.1016/0042-207x(59)90514-7,VERIFIED_CROSSREF,Q06,lunar;solar,"Discovery metadata only; not a prevalence, quality, or quantitative-evidence claim."
10.1016/0042-207x(59)90547-0,Effect of the solar wind on the lunar atmosphere,1959,Vacuum,,journal-article,https://doi.org/10.1016/0042-207x(59)90547-0,VERIFIED_CROSSREF,Q06,lunar;solar,"Discovery metadata only; not a prevalence, quality, or quantitative-evidence claim."
10.17307/wsc.v0i0.90,In-Situ Resource Utilization: Investigation of Melted Lunar Regolith Simulant JSC-1A,1970,Proceedings of the Wisconsin Space Conference,Matthew Kallerud; Brian Nguyen; Timothy Paladin; Anthony Wilson,journal-article,https://doi.org/10.17307/wsc.v0i0.90,VERIFIED_CROSSREF,Q09;Q10;Q12,lunar;melt;regolith;simulant,"Discovery metadata only; not a prevalence, quality, or quantitative-evidence claim."
10.1016/0148-9062(74)90162-4,Methods for investigating the strength characteristics of a lunar soil simulant,1974,International Journal of Rock Mechanics and Mining Sciences &amp; Geomechanics Abstracts,,journal-article,https://doi.org/10.1016/0148-9062(74)90162-4,VERIFIED_CROSSREF,Q09,lunar;simulant,"Discovery metadata only; not a prevalence, quality, or quantitative-evidence claim."
10.1038/251403a0,Anomalous lunar plagioclase composition and the composition of coexisting melt,1974,Nature,WILLIAM CHARLES STOREY,journal-article,https://doi.org/10.1038/251403a0,VERIFIED_CROSSREF,Q09,lunar;melt,"Discovery metadata only; not a prevalence, quality, or quantitative-evidence claim."
10.1680/geot.1974.24.1.13,Methods for investigating the strength characteristics of a lunar soil simulant,1974,Géotechnique,K.-J. Melzer,journal-article,https://doi.org/10.1680/geot.1974.24.1.13,VERIFIED_CROSSREF,Q09,lunar;moon;simulant,"Discovery metadata only; not a prevalence, quality, or quantitative-evidence claim."
10.1126/science.190.4212.380,Chemical Fractionation of the Lunar Regolith by Impact Melting,1975,Science,John B. Adams; Michael P. Charette; J. Michael Rhodes,journal-article,https://doi.org/10.1126/science.190.4212.380,VERIFIED_CROSSREF,Q05;Q15,lunar;melt;regolith;solar,"Discovery metadata only; not a prevalence, quality, or quantitative-evidence claim."
10.1126/science.191.4226.451-b,Erratum: Chemical Fractionation of the Lunar Regolith by Impact Melting,1976,Science,,journal-article,https://doi.org/10.1126/science.191.4226.451-b,VERIFIED_CROSSREF,Q01;Q02;Q04;Q05;Q06;Q08;Q11;Q12;Q13;Q15,lunar;melt;regolith,"Discovery metadata only; not a prevalence, quality, or quantitative-evidence claim."
10.1126/science.191.4226.451.b,Erratum: Chemical Fractionation of the Lunar Regolith by Impact Melting,1976,Science,,journal-article,https://doi.org/10.1126/science.191.4226.451.b,VERIFIED_CROSSREF,Q01;Q02;Q04;Q05;Q06;Q08;Q11;Q12;Q13;Q15,lunar;melt;regolith,"Discovery metadata only; not a prevalence, quality, or quantitative-evidence claim."
10.1098/rsta.1977.0075,Solar wind and micrometeorite effects in the lunar regolith,1977,"Philosophical Transactions of the Royal Society of London. Series A, Mathematical and Physical Sciences",R. M Housley,journal-article,https://doi.org/10.1098/rsta.1977.0075,VERIFIED_CROSSREF,Q04,lunar;regolith;solar,"Discovery metadata only; not a prevalence, quality, or quantitative-evidence claim."
10.1016/0019-1035(81)90105-6,Vertical-structure effects on planetary microwave brightness temperature measurements: Applications to the lunar regolith,1981,Icarus,Stephen J. Keihm; James A. Cutts,journal-article,https://doi.org/10.1016/0019-1035(81)90105-6,VERIFIED_CROSSREF,Q02;Q06,lunar;microwave;regolith,"Discovery metadata only; not a prevalence, quality, or quantitative-evidence claim."
10.1029/jb090is02p0c449,"Composition and evolution of the lunar crust in the Descartes Highlands, Apollo 16",1985,Journal of Geophysical Research: Solid Earth,D. Stöffler; A. Bischoff; R. Borchardt; A. Burghele; A. Deutsch; E. K. Jessberger,journal-article,https://doi.org/10.1029/jb090is02p0c449,VERIFIED_CROSSREF,Q09,lunar;melt,"Discovery metadata only; not a prevalence, quality, or quantitative-evidence claim."
10.1029/93rg01953,Long‐term compositional variation in solar corpuscular radiation: Evidence from nitrogen isotopes in the lunar regolith,1993,Reviews of Geophysics,John F. Kerridge,journal-article,https://doi.org/10.1029/93rg01953,VERIFIED_CROSSREF,Q04,lunar;regolith;solar,"Discovery metadata only; not a prevalence, quality, or quantitative-evidence claim."
10.1115/1.3120358,Properties and Mechanics of the Lunar Regolith,1993,Applied Mechanics Reviews,Stewart W. Johnson; Koon Meng Chua,journal-article,https://doi.org/10.1115/1.3120358,VERIFIED_CROSSREF,Q01;Q02;Q04;Q06;Q08;Q12;Q13;Q14;Q15,lunar;manufactur;moon;regolith;solar,"Discovery metadata only; not a prevalence, quality, or quantitative-evidence claim."
10.1126/science.261.5126.1305,Discovery of Vapor Deposits in the Lunar Regolith,1993,Science,Lindsay P. Keller; David S. McKay,journal-article,https://doi.org/10.1126/science.261.5126.1305,VERIFIED_CROSSREF,Q01;Q02;Q04;Q06;Q08;Q12;Q15,lunar;regolith;solar,"Discovery metadata only; not a prevalence, quality, or quantitative-evidence claim."
10.1016/0273-1177(94)90028-0,Lunar regolith as a probe of solar history,1994,Advances in Space Research,J.F. Kerridge,journal-article,https://doi.org/10.1016/0273-1177(94)90028-0,VERIFIED_CROSSREF,Q01;Q02;Q04;Q06;Q08;Q12;Q13;Q15,lunar;regolith;solar,"Discovery metadata only; not a prevalence, quality, or quantitative-evidence claim."
10.1541/ieejjournal.114.471,Special Issue. The Frontier of Space Science &amp; Technology. Construction of Large-Scale Space Structures and Lunar Bases.,1994,The Journal of The Institute of Electrical Engineers of Japan,,journal-article,https://doi.org/10.1541/ieejjournal.114.471,VERIFIED_CROSSREF,Q12,construction;lunar,"Discovery metadata only; not a prevalence, quality, or quantitative-evidence claim."
10.1016/0016-7037(96)80916-1,Xenon and krypton isotopes in extraterrestrial regolith soils and in the solar wind,1995,Geochimica et Cosmochimica Acta,R.O. Pepin; R.H. Becker; P.E. Rider,journal-article,https://doi.org/10.1016/0016-7037(96)80916-1,VERIFIED_CROSSREF,Q15,regolith;solar,"Discovery metadata only; not a prevalence, quality, or quantitative-evidence claim."
10.1061/(asce)0893-1321(1995)8:2(77),Properties of Lunar Soil Simulant JSC-1,1995,Journal of Aerospace Engineering,Brian M. Willman; Walter W. Boles; David S. McKay; Carlton C. Allen,journal-article,https://doi.org/10.1061/(asce)0893-1321(1995)8:2(77),VERIFIED_CROSSREF,Q09,lunar;simulant,"Discovery metadata only; not a prevalence, quality, or quantitative-evidence claim."
10.1061/(asce)0893-1321(1995)8:2(88),Soil-Tool Interaction Theories as They Apply to Lunar Soil Simulant,1995,Journal of Aerospace Engineering,Brian M. Willman; Walter W. Boles,journal-article,https://doi.org/10.1061/(asce)0893-1321(1995)8:2(88),VERIFIED_CROSSREF,Q09,lunar;simulant,"Discovery metadata only; not a prevalence, quality, or quantitative-evidence claim."
10.1520/gtj10329j,Geotechnical Properties of the Maryland-Sanders Lunar Simulant,1995,Geotechnical Testing Journal,DJ Goodings; CP Lin,journal-article,https://doi.org/10.1520/gtj10329j,VERIFIED_CROSSREF,Q09,lunar;moon;regolith;simulant,"Discovery metadata only; not a prevalence, quality, or quantitative-evidence claim."
10.1016/0148-9062(96)87441-9,Properties of lunar soil simulant JSC-1,1996,International Journal of Rock Mechanics and Mining Sciences &amp; Geomechanics Abstracts,,journal-article,https://doi.org/10.1016/0148-9062(96)87441-9,VERIFIED_CROSSREF,Q09,lunar;simulant,"Discovery metadata only; not a prevalence, quality, or quantitative-evidence claim."
10.1016/s0016-7061(96)00055-9,Dissolution of a lunar basalt simulant as affected by pH and organic anions,1996,Geoderma,M.J. Eick; P.R. Grossl; D.C. Golden; D.L. Sparks; D.W. Ming,journal-article,https://doi.org/10.1016/s0016-7061(96)00055-9,VERIFIED_CROSSREF,Q09,lunar;simulant,"Discovery metadata only; not a prevalence, quality, or quantitative-evidence claim."
10.1097/00010694-199612000-00007,PHOSPHORUS ADSORPTION AND DESORPTION PROPERTIES OF MINNESOTA BASALT LUNAR SIMULANT AND LUNAR GLASS SIMULANT,1996,Soil Science,Brad Sutter; Lloyd R. Hossner; Douglas W. Ming,journal-article,https://doi.org/10.1097/00010694-199612000-00007,VERIFIED_CROSSREF,Q03;Q09;Q10,lunar;simulant,"Discovery metadata only; not a prevalence, quality, or quantitative-evidence claim."
10.1111/j.1945-5100.1996.tb02118.x,Lunar meteorite Queen Alexandra Range 93069: A lunar highland regolith breccia with very low abundances of mafic components,1996,Meteoritics &amp; Planetary Science,A. BISCHOFF,journal-article,https://doi.org/10.1111/j.1945-5100.1996.tb02118.x,VERIFIED_CROSSREF,Q01;Q02;Q04;Q06;Q08;Q12;Q13;Q15,lunar;melt;moon;regolith,"Discovery metadata only; not a prevalence, quality, or quantitative-evidence claim."
10.1111/j.1945-5100.1996.tb02124.x,Lunar meteorite Queen Alexandra Range 93069 and the iron concentration of the lunar highlands surface,1996,Meteoritics &amp; Planetary Science,Randy L. KOROTEV; Bradley L. JOLLIFF; Kaylynn M. ROCKOW,journal-article,https://doi.org/10.1111/j.1945-5100.1996.tb02124.x,VERIFIED_CROSSREF,Q09,lunar;melt;regolith,"Discovery metadata only; not a prevalence, quality, or quantitative-evidence claim."
10.1061/40177(207)130,Scale Effects of Shallow Foundations on Lunar Regolith,1996.0,"Engineering, Construction, and Operations in Space V",Steven W. Perkins; Craig R. Madson,proceedings-article,https://doi.org/10.1061/40177(207)130,VERIFIED_CROSSREF,parent_registry_v323,,"Legacy curated metadata; not a prevalence, quality, or quantitative-evidence claim."
10.1061/40177(207)94,Mechanical Properties of JSC-1 Lunar Regolith Simulant,1996.0,"Engineering, Construction, and Operations in Space V",J. Ledlie Klosky; Stein Sture; Hon-Yim Ko,proceedings-article,https://doi.org/10.1061/40177(207)94,VERIFIED_CROSSREF,parent_registry_v323,,"Legacy curated metadata; not a prevalence, quality, or quantitative-evidence claim."
10.1029/97je03035,The Imbrium impact event and the thorium distribution at the lunar highlands surface,1998,Journal of Geophysical Research: Planets,Larry A. Haskin,journal-article,https://doi.org/10.1029/97je03035,VERIFIED_CROSSREF,Q09,lunar;melt;moon,"Discovery metadata only; not a prevalence, quality, or quantitative-evidence claim."
10.1557/proc-551-33,Large Scale Teleoperation on the Lunar Surface,1998,MRS Proceedings,Gregory Konesky,journal-article,https://doi.org/10.1557/proc-551-33,VERIFIED_CROSSREF,Q12,lunar;solar,"Discovery metadata only; not a prevalence, quality, or quantitative-evidence claim."
10.1016/s0012-821x(99)00012-6,Evidence for a predominantly non-solar origin of nitrogen in the lunar regolith revealed by single grain analyses,1999,Earth and Planetary Science Letters,Rainer Wieler; Franck Humbert; Bernard Marty,journal-article,https://doi.org/10.1016/s0012-821x(99)00012-6,VERIFIED_CROSSREF,Q04,lunar;regolith;solar,"Discovery metadata only; not a prevalence, quality, or quantitative-evidence claim."
10.1016/s0016-7037(99)00002-2,Irradiation records in regolith materials. I: isotopic compositions of solar-wind neon and argon in single lunar mineral grains,1999,Geochimica et Cosmochimica Acta,R.O Pepin; R.H Becker; D.J Schlutter,journal-article,https://doi.org/10.1016/s0016-7037(99)00002-2,VERIFIED_CROSSREF,Q04,lunar;regolith;solar,"Discovery metadata only; not a prevalence, quality, or quantitative-evidence claim."
10.1061/(asce)0893-1321(2000)13:4(133),Geotechnical Behavior of JSC-1 Lunar Soil Simulant,2000,Journal of Aerospace Engineering,J. Ledlie Klosky; Stein Sture; Hon-Yim Ko; Frank Barnes,journal-article,https://doi.org/10.1061/(asce)0893-1321(2000)13:4(133),VERIFIED_CROSSREF,Q09,lunar;simulant,"Discovery metadata only; not a prevalence, quality, or quantitative-evidence claim."
10.1023/a:1014297009479,The Nature of Volatiles in the Lunar Regolith,2002,Solar System Research,Yu. P. Dikov; A. V. Ivanov; F. Wlotzka; E. M. Galimov; G. Wanke,journal-article,https://doi.org/10.1023/a:1014297009479,VERIFIED_CROSSREF,Q04,lunar;regolith;solar,"Discovery metadata only; not a prevalence, quality, or quantitative-evidence claim."
10.1016/s0273-1177(03)00563-5,Study towards construction and operations of large lunar telescopes,2003,Advances in Space Research,P.J. Van Susante,journal-article,https://doi.org/10.1016/s0273-1177(03)00563-5,VERIFIED_CROSSREF,Q12,construction;lunar,"Discovery metadata only; not a prevalence, quality, or quantitative-evidence claim."
10.1023/a:1022347821862,Computer Simulation of Sputtering of Lunar Regolith by Solar Wind Protons: Contribution to Change of Surface Composition and to Hydrogen Flux at the Lunar Poles,2003,Solar System Research,L. V. Starukhina,journal-article,https://doi.org/10.1023/a:1022347821862,VERIFIED_CROSSREF,Q04;Q06;Q15,lunar;regolith;solar,"Discovery metadata only; not a prevalence, quality, or quantitative-evidence claim."
10.1111/j.1945-5100.2003.tb00023.x,Lunar regolith breccia Dhofar 287B: A record of lunar volcanism,2003,Meteoritics &amp; Planetary Science,S. I. Demidova; M. A. Nazarov; M. Anand; L. A. Taylor,journal-article,https://doi.org/10.1111/j.1945-5100.2003.tb00023.x,VERIFIED_CROSSREF,Q01;Q02;Q04;Q06;Q08;Q12;Q15,lunar;melt;regolith,"Discovery metadata only; not a prevalence, quality, or quantitative-evidence claim."
10.1016/j.msea.2005.08.172,Processing of lunar soil simulant for space exploration applications,2005,Materials Science and Engineering: A,Subhayu Sen; Chandra S. Ray; Ramana G. Reddy,journal-article,https://doi.org/10.1016/j.msea.2005.08.172,VERIFIED_CROSSREF,Q09,lunar;simulant,"Discovery metadata only; not a prevalence, quality, or quantitative-evidence claim."
10.1061/(asce)0893-1321(2005)18:3(188),"Microwave Sintering of Lunar Soil: Properties, Theory, and Practice",2005,Journal of Aerospace Engineering,Lawrence A. Taylor; Thomas T. Meek,journal-article,https://doi.org/10.1061/(asce)0893-1321(2005)18:3(188),VERIFIED_CROSSREF,Q02;parent_registry_v323,,"Legacy curated metadata; not a prevalence, quality, or quantitative-evidence claim."
10.1111/j.1945-5100.2005.tb00169.x,“New” lunar meteorites: Impact melt and regolith breccias and large-scale heterogeneities of the upper lunar crust,2005,Meteoritics &amp; Planetary Science,Paul H. WARREN; Finn ULFF-MØLLER; Gregory W. KALLEMEYN,journal-article,https://doi.org/10.1111/j.1945-5100.2005.tb00169.x,VERIFIED_CROSSREF,Q01;Q02;Q04;Q06;Q08;Q12;Q15,lunar;melt;regolith,"Discovery metadata only; not a prevalence, quality, or quantitative-evidence claim."
10.1017/s143192760606301x,Development of Standardized Lunar Regolith Simulant Materials,2006,Microscopy and Microanalysis,P Carpenter; L Sibille; S Wilson; G Meeker,journal-article,https://doi.org/10.1017/s143192760606301x,VERIFIED_CROSSREF,Q03;Q09;Q10,lunar;regolith;simulant,"Discovery metadata only; not a prevalence, quality, or quantitative-evidence claim."
10.1038/nature04611,Isotopic enhancements of 17O and 18O from solar wind particles in the lunar regolith,2006,Nature,Trevor R. Ireland; Peter Holden; Marc D. Norman; Jodi Clarke,journal-article,https://doi.org/10.1038/nature04611,VERIFIED_CROSSREF,Q04,lunar;regolith;solar,"Discovery metadata only; not a prevalence, quality, or quantitative-evidence claim."
10.4130/jaev.4.857,Experimental Study for Rover Mobility on Lunar Simulant Terrain in Vacuum Condition,2006,Journal of Asian Electric Vehicles,Kojiro Iizuka; Yoshinori Sato; Yoji Kuroda; Takashi Kubota,journal-article,https://doi.org/10.4130/jaev.4.857,VERIFIED_CROSSREF,Q09;Q10,lunar;simulant,"Discovery metadata only; not a prevalence, quality, or quantitative-evidence claim."
10.1002/adem.200600212,An Organic‐Inorganic Nanohybrid Based on Lunar Soil Simulant,2007,Advanced Engineering Materials,Y. Qiao; J. Chen; A. Han,journal-article,https://doi.org/10.1002/adem.200600212,VERIFIED_CROSSREF,Q09,lunar;simulant,"Discovery metadata only; not a prevalence, quality, or quantitative-evidence claim."
10.1029/2006je002751,Simulation of brightness temperature from lunar surface and inversion of regolith‐layer thickness,2007,Journal of Geophysical Research: Planets,Wenzhe Fa; Ya‐Qiu Jin,journal-article,https://doi.org/10.1029/2006je002751,VERIFIED_CROSSREF,Q06,lunar;microwave;regolith,"Discovery metadata only; not a prevalence, quality, or quantitative-evidence claim."
10.1111/j.1945-5100.2007.tb01148.x,"Comment on: “New” lunar meteorites: Impact melt and regolith breccias and large‐scale heterogeneities of the upper lunar crust, by P. H. Warren, F. Ulff‐Møller, and G. W. Kallemeyn",2007,Meteoritics &amp; Planetary Science,Odette B. JAMES; Barbara A. COHEN; Lawrence A. TAYLOR; Mikhail A. NAZAROV,journal-article,https://doi.org/10.1111/j.1945-5100.2007.tb01148.x,VERIFIED_CROSSREF,Q12,lunar;melt;regolith;solar,"Discovery metadata only; not a prevalence, quality, or quantitative-evidence claim."
10.11728/cjss2007.01.055,Inversion of Lunar Regolith Layer Thickness Using Microwave Radiance Simulation of Three Layer Model and Clementine UV-VIS Data &lt;br&gt;,2007,Chinese Journal of Space Science,Wenzhe FA; Yaqiu JIN,journal-article,https://doi.org/10.11728/cjss2007.01.055,VERIFIED_CROSSREF,Q02,lunar;microwave;regolith,"Discovery metadata only; not a prevalence, quality, or quantitative-evidence claim."
10.1007/s11038-007-9198-7,Measurement of Ejecta from Normal Incident Hypervelocity Impact on Lunar Regolith Simulant,2008,"Earth, Moon, and Planets",David L. Edwards; William Cooke; Danielle E. Moser; Wesley Swift,journal-article,https://doi.org/10.1007/s11038-007-9198-7,VERIFIED_CROSSREF,Q10;Q13,lunar;moon;regolith;simulant,"Discovery metadata only; not a prevalence, quality, or quantitative-evidence claim."
10.1016/j.msea.2007.05.113,Experimental simulation of tensile behavior of lunar soil simulant JSC-1,2008,Materials Science and Engineering: A,Haydar Arslan; Stein Sture; Susan Batiste,journal-article,https://doi.org/10.1016/j.msea.2007.05.113,VERIFIED_CROSSREF,Q09,lunar;simulant,"Discovery metadata only; not a prevalence, quality, or quantitative-evidence claim."
10.1017/s1431927608088272,Development of Lunar Regolith Simulant: From the Macro to the Micro,2008,Microscopy and Microanalysis,HA Lowers; DB Stoeser; SA Wilson; GP Meeker,journal-article,https://doi.org/10.1017/s1431927608088272,VERIFIED_CROSSREF,Q09;Q10,lunar;regolith;simulant,"Discovery metadata only; not a prevalence, quality, or quantitative-evidence claim."
10.1299/spacee.1.58,Specific Cutting Resistance of Lunar Regolith Simulant under Low Gravity Conditions,2008,Journal of Space Engineering,Hiroshi NAKASHIMA; Yasuyuki SHIOJI; Kazuyoshi TATEYAMA; Shigeru AOKI; Hiroshi KANAMORI; Takaaki YOKOYAMA,journal-article,https://doi.org/10.1299/spacee.1.58,VERIFIED_CROSSREF,Q09;Q10,lunar;regolith;simulant,"Discovery metadata only; not a prevalence, quality, or quantitative-evidence claim."
10.1016/j.actaastro.2009.03.082,An inversion approach for lunar regolith layer thickness using optical albedo data and microwave emission simulation,2009,Acta Astronautica,Ya-Qiu Jin; Wenzhe Fa,journal-article,https://doi.org/10.1016/j.actaastro.2009.03.082,VERIFIED_CROSSREF,Q02,lunar;microwave;regolith,"Discovery metadata only; not a prevalence, quality, or quantitative-evidence claim."
10.1016/j.asr.2008.07.006,CAS-1 lunar soil simulant,2009,Advances in Space Research,Yongchun Zheng; Shijie Wang; Ziyuan Ouyang; Yongliao Zou; Jianzhong Liu; Chunlai Li,journal-article,https://doi.org/10.1016/j.asr.2008.07.006,VERIFIED_CROSSREF,Q09,lunar;simulant,"Discovery metadata only; not a prevalence, quality, or quantitative-evidence claim."
10.1017/s1743921309993140,Does the lunar regolith contain secrets of the Solar System? Using the Moon as a cosmic witness plate,2009,Proceedings of the International Astronomical Union,David S. McKay; Louise Riofrio; Bonnie L. Cooper,journal-article,https://doi.org/10.1017/s1743921309993140,VERIFIED_CROSSREF,Q04,lunar;melt;moon;regolith;solar,"Discovery metadata only; not a prevalence, quality, or quantitative-evidence claim."
10.1029/2009ja014559,Triboelectric charging of lunar regolith simulant,2009,Journal of Geophysical Research: Space Physics,Keith M. Forward; Daniel J. Lacks; R. Mohan Sankaran,journal-article,https://doi.org/10.1029/2009ja014559,VERIFIED_CROSSREF,Q03;Q09;Q10,lunar;regolith;simulant,"Discovery metadata only; not a prevalence, quality, or quantitative-evidence claim."
10.1061/(asce)0893-1321(2009)22:1(53),NAO-1: Lunar Highland Soil Simulant Developed in China,2009,Journal of Aerospace Engineering,Yongquan Li; Jianzhong Liu; Zongyu Yue,journal-article,https://doi.org/10.1061/(asce)0893-1321(2009)22:1(53),VERIFIED_CROSSREF,Q09,lunar;simulant,"Discovery metadata only; not a prevalence, quality, or quantitative-evidence claim."
10.1061/(asce)gt.1943-5606.0000068,Strength Properties of JSC-1A Lunar Regolith Simulant,2009,Journal of Geotechnical and Geoenvironmental Engineering,Khalid A. Alshibli; Alsidqi Hasan,journal-article,https://doi.org/10.1061/(asce)gt.1943-5606.0000068,VERIFIED_CROSSREF,Q01;Q02;Q03;Q06;Q07;Q09;Q10;Q14,lunar;regolith;simulant,"Discovery metadata only; not a prevalence, quality, or quantitative-evidence claim."
10.1111/j.1945-5100.2009.tb00781.x,Lunar dust and lunar simulant activation and monitoring,2009,Meteoritics &amp; Planetary Science,William T. WALLACE; Lawrence A. TAYLOR; Yang LIU; Bonnie L. COOPER; David S. McKAY; Bo CHEN,journal-article,https://doi.org/10.1111/j.1945-5100.2009.tb00781.x,VERIFIED_CROSSREF,Q09,lunar;moon;regolith;simulant,"Discovery metadata only; not a prevalence, quality, or quantitative-evidence claim."
10.2478/v10003-009-0002-8,Argon Stable Isotope Concentrations in Lunar Regolith,2009,Geochronometria,Stanislaw Halas; Artur Wójtowicz; Maciej Czarnacki; Erich Robens,journal-article,https://doi.org/10.2478/v10003-009-0002-8,VERIFIED_CROSSREF,Q01;Q02;Q04;Q06;Q08;Q12;Q13;Q15,lunar;moon;regolith;solar,"Discovery metadata only; not a prevalence, quality, or quantitative-evidence claim."
10.2514/6.2009-6476,Demonstrating Carbothermal Reduction of Lunar Regolith Using Concentrated Solar Energy,2009.0,AIAA SPACE 2009 Conference &amp; Exposition,Robert Gustafson; Brant White; Michael Fidler,proceedings-article,https://doi.org/10.2514/6.2009-6476,VERIFIED_CROSSREF,parent_registry_v323,,"Legacy curated metadata; not a prevalence, quality, or quantitative-evidence claim."
10.1007/s10035-010-0172-0,Flowability of lunar soil simulant JSC-1a,2010,Granular Matter,Enrique Ramé; Allen Wilkinson; Alan Elliot; Carolyn Young,journal-article,https://doi.org/10.1007/s10035-010-0172-0,VERIFIED_CROSSREF,Q09,lunar;simulant,"Discovery metadata only; not a prevalence, quality, or quantitative-evidence claim."
10.1007/s11430-010-4022-z,"Lunar surface dielectric constant, regolith thickness, and 3He abundance distributions retrieved from the microwave brightness temperatures of CE-1 Lunar Microwave Sounder",2010,Science China Earth Sciences,ZhenZhan Wang; Yun Li; JingShan Jiang; DiHui Li,journal-article,https://doi.org/10.1007/s11430-010-4022-z,VERIFIED_CROSSREF,Q02;Q06,lunar;microwave;regolith,"Discovery metadata only; not a prevalence, quality, or quantitative-evidence claim."
10.1007/s11432-010-0020-1,Analysis of microwave brightness temperature of lunar surface and inversion of regolith layer thickness: Primary results of Chang-E 1 multi-channel radiometer observation,2010,Science China Information Sciences,WenZhe Fa; YaQiu Jin,journal-article,https://doi.org/10.1007/s11432-010-0020-1,VERIFIED_CROSSREF,Q02,lunar;microwave;regolith,"Discovery metadata only; not a prevalence, quality, or quantitative-evidence claim."
10.1016/j.actaastro.2009.12.006,Demonstration of concept for fabrication of lunar physical assets utilizing lunar regolith simulant and a geothermite reaction,2010,Acta Astronautica,Eric J. Faierson; Kathryn V. Logan; Brian K. Stewart; Michael P. Hunt,journal-article,https://doi.org/10.1016/j.actaastro.2009.12.006,VERIFIED_CROSSREF,Q01;Q03;Q04;Q06;Q09;Q10;Q15,lunar;regolith;simulant,"Discovery metadata only; not a prevalence, quality, or quantitative-evidence claim."
10.1016/j.epsl.2010.04.015,Lunar regolith thermal behavior revealed by Chang'E-1 microwave brightness temperature data,2010,Earth and Planetary Science Letters,Kwing L. Chan; Kang T. Tsang; Bruce Kong; Yong-Chun Zheng,journal-article,https://doi.org/10.1016/j.epsl.2010.04.015,VERIFIED_CROSSREF,Q02;Q06,lunar;microwave;regolith,"Discovery metadata only; not a prevalence, quality, or quantitative-evidence claim."
10.1016/j.icarus.2009.11.034,A primary analysis of microwave brightness temperature of lunar surface from Chang-E 1 multi-channel radiometer observation and inversion of regolith layer thickness,2010,Icarus,Wenzhe Fa; Ya-Qiu Jin,journal-article,https://doi.org/10.1016/j.icarus.2009.11.034,VERIFIED_CROSSREF,Q02;Q06,lunar;microwave;regolith,"Discovery metadata only; not a prevalence, quality, or quantitative-evidence claim."
10.1016/j.jastp.2010.03.013,Lunar semimonthly signal in cloudiness: Lunar-phase or lunar-declination effect?,2010,Journal of Atmospheric and Solar-Terrestrial Physics,N. Pertsev; P. Dalin,journal-article,https://doi.org/10.1016/j.jastp.2010.03.013,VERIFIED_CROSSREF,Q04,lunar;solar,"Discovery metadata only; not a prevalence, quality, or quantitative-evidence claim."
10.1016/j.pss.2010.09.002,Generation of a lunar regolith agglutinate simulant using friction welding apparatus,2010,Planetary and Space Science,John G. Spray,journal-article,https://doi.org/10.1016/j.pss.2010.09.002,VERIFIED_CROSSREF,Q03;Q09;Q10,lunar;regolith;simulant,"Discovery metadata only; not a prevalence, quality, or quantitative-evidence claim."
10.1061/(asce)0893-1321(2010)23:1(70),Engineering Properties of Lunar Soil Simulant JSC-1A,2010,Journal of Aerospace Engineering,Haydar Arslan; Susan Batiste; Stein Sture,journal-article,https://doi.org/10.1061/(asce)0893-1321(2010)23:1(70),VERIFIED_CROSSREF,Q09,lunar;simulant,"Discovery metadata only; not a prevalence, quality, or quantitative-evidence claim."
10.1061/(asce)as.1943-5525.0000014,Geotechnical Properties of JSC-1A Lunar Soil Simulant,2010,Journal of Aerospace Engineering,Xiangwu Zeng; Chunmei He; Heather Oravec; Allen Wilkinson; Juan Agui; Vivake Asnani,journal-article,https://doi.org/10.1061/(asce)as.1943-5525.0000014,VERIFIED_CROSSREF,Q09,lunar;simulant,"Discovery metadata only; not a prevalence, quality, or quantitative-evidence claim."
10.1061/(asce)as.1943-5525.0000020,Discrete Element Modeling of Strength Properties of Johnson Space Center (JSC-1A) Lunar Regolith Simulant,2010,Journal of Aerospace Engineering,Alsidqi Hasan; Khalid A. Alshibli,journal-article,https://doi.org/10.1061/(asce)as.1943-5525.0000020,VERIFIED_CROSSREF,Q01;Q02;Q03;Q06;Q07;Q09;Q10;Q14,lunar;regolith;simulant,"Discovery metadata only; not a prevalence, quality, or quantitative-evidence claim."
10.1061/(asce)as.1943-5525.0000026,Geotechnical Properties of NT-LHT-2M Lunar Highland Simulant,2010,Journal of Aerospace Engineering,Xiangwu Zeng; Chunmei He; Allen Wilkinson,journal-article,https://doi.org/10.1061/(asce)as.1943-5525.0000026,VERIFIED_CROSSREF,Q09,lunar;simulant,"Discovery metadata only; not a prevalence, quality, or quantitative-evidence claim."
10.1109/lgrs.2009.2038499,Simultaneous Observation of Lunar Radar Sounder and Laser Altimeter of Kaguya for Lunar Regolith Layer Thickness Estimate,2010,IEEE Geoscience and Remote Sensing Letters,Takao Kobayashi; Jung Ho Kim; Seung Ryeol Lee; Hiroshi Araki; Takayuki Ono,journal-article,https://doi.org/10.1109/lgrs.2009.2038499,VERIFIED_CROSSREF,Q05;Q06,laser;lunar;regolith,"Discovery metadata only; not a prevalence, quality, or quantitative-evidence claim."
10.1111/j.1945-5100.2010.01067.x,Lunar meteorite regolith breccias: An in situ study of impact melt composition using LA-ICP-MS with implications for the composition of the lunar crust,2010,Meteoritics &amp; Planetary Science,Katherine H. JOY; Ian A. CRAWFORD; Sara S. RUSSELL; Anton T. KEARSLEY,journal-article,https://doi.org/10.1111/j.1945-5100.2010.01067.x,VERIFIED_CROSSREF,Q01;Q02;Q04;Q05;Q06;Q07;Q08;Q09;Q11;Q12;Q13;Q14;Q15,lunar;melt;regolith,"Discovery metadata only; not a prevalence, quality, or quantitative-evidence claim."
10.2355/isijinternational.50.35,Reduction Kinetics of Iron Oxides in Molten Lunar Soil Simulant by Graphite,2010,ISIJ International,Yoshinao Kobayashi; Hiroaki Sonezaki; Rie Endo; Masahiro Susa,journal-article,https://doi.org/10.2355/isijinternational.50.35,VERIFIED_CROSSREF,Q09,lunar;simulant,"Discovery metadata only; not a prevalence, quality, or quantitative-evidence claim."
10.3233/jae-2010-1218,Inversion of microwave brightness temperature data for estimating lunar regolith thickness,2010,International Journal of Applied Electromagnetics and Mechanics,Mingxing Zhou; Jianjiang Zhou; Xiao Zhang; Fei Wang,journal-article,https://doi.org/10.3233/jae-2010-1218,VERIFIED_CROSSREF,Q02,lunar;microwave;regolith,"Discovery metadata only; not a prevalence, quality, or quantitative-evidence claim."
10.1016/j.icarus.2010.03.028,Illumination conditions of the south pole of the Moon derived using Kaguya topography,2010.0,Icarus,D.B.J. Bussey; J.A. McGovern; P.D. Spudis,journal-article,https://doi.org/10.1016/j.icarus.2010.03.028,VERIFIED_CROSSREF,parent_registry_v323,,"Legacy curated metadata; not a prevalence, quality, or quantitative-evidence claim."
10.2514/6.2010-1611,An Experimental Apparatus to Study the Apparent Thermal Conductivity of Lunar Regolith Simulant,2010.0,48th AIAA Aerospace Sciences Meeting Including the New Horizons Forum and Aerospace Exposition,Julie Kleinhenz,proceedings-article,https://doi.org/10.2514/6.2010-1611,VERIFIED_CROSSREF,parent_registry_v323,,"Legacy curated metadata; not a prevalence, quality, or quantitative-evidence claim."
10.2514/6.2010-6112,An Experimental Investigation of the Apparent Thermal Conductivity of Lunar Regolith Simulant,2010.0,40th International Conference on Environmental Systems,Zeng-Guang Yuan; Mohammad Hasan; Julie Klienhenz,proceedings-article,https://doi.org/10.2514/6.2010-6112,VERIFIED_CROSSREF,parent_registry_v323,,"Legacy curated metadata; not a prevalence, quality, or quantitative-evidence claim."
10.1007/s11769-011-0443-7,Influence of temperature and frequency on microwave dielectric properties of lunar regolith simulant,2011,Chinese Geographical Science,Zhiguo Meng; Shengbo Chen; Xiaojuan Du; Matthew Osei Jnr Edward; Peng Lu; Zijun Wang,journal-article,https://doi.org/10.1007/s11769-011-0443-7,VERIFIED_CROSSREF,Q02;Q03;Q10,lunar;microwave;regolith;simulant,"Discovery metadata only; not a prevalence, quality, or quantitative-evidence claim."
10.1016/j.asr.2011.02.005,Production of high fidelity lunar agglutinate simulant,2011,Advances in Space Research,S. Sen; D. Butts; C.S. Ray; G.B. Thompson; R.A. Morris; J.S. O’Dell,journal-article,https://doi.org/10.1016/j.asr.2011.02.005,VERIFIED_CROSSREF,Q09,lunar;simulant,"Discovery metadata only; not a prevalence, quality, or quantitative-evidence claim."
10.1016/j.icarus.2010.12.015,Permeability of JSC-1A: A lunar soil simulant,2011,Icarus,Casey Q. LaMarche; Jennifer Sinclair Curtis; Philip T. Metzger,journal-article,https://doi.org/10.1016/j.icarus.2010.12.015,VERIFIED_CROSSREF,Q09,lunar;simulant,"Discovery metadata only; not a prevalence, quality, or quantitative-evidence claim."
10.1061/(asce)as.1943-5525.0000082,Direct Shear Tests on JSC-1A Lunar Regolith Simulant,2011,Journal of Aerospace Engineering,Masafumi Iai; Ronaldo Luna,journal-article,https://doi.org/10.1061/(asce)as.1943-5525.0000082,VERIFIED_CROSSREF,Q03;Q09;Q10,lunar;regolith;simulant,"Discovery metadata only; not a prevalence, quality, or quantitative-evidence claim."
10.1063/1.3590016,Simultaneous measurement of temperature and emissivity of lunar regolith simulant using dual-channel millimeter-wave radiometry,2011,Review of Scientific Instruments,J. S. McCloy; S. K. Sundaram; J. Matyas; P. P. Woskov,journal-article,https://doi.org/10.1063/1.3590016,VERIFIED_CROSSREF,Q06;Q09;Q10,lunar;melt;regolith;simulant,"Discovery metadata only; not a prevalence, quality, or quantitative-evidence claim."
10.4028/www.scientific.net/amr.337.542,The Research on Lunar Soil Simulant Production System,2011,Advanced Materials Research,Man Li; Jing Yu Tong; Zhi Hao Wang; Yu Bai; Dong Bo Tian; Bin Wang,journal-article,https://doi.org/10.4028/www.scientific.net/amr.337.542,VERIFIED_CROSSREF,Q09,lunar;moon;simulant,"Discovery metadata only; not a prevalence, quality, or quantitative-evidence claim."
10.1016/j.icarus.2010.10.030,Illumination conditions of the lunar polar regions using LOLA topography,2011.0,Icarus,E. Mazarico; G.A. Neumann; D.E. Smith,journal-article,https://doi.org/10.1016/j.icarus.2010.10.030,VERIFIED_CROSSREF,parent_registry_v323,,"Legacy curated metadata; not a prevalence, quality, or quantitative-evidence claim."
10.2514/6.2011-5138,Gas Phase Pressure Effects on the Apparent Thermal Conductivity of JSC-1A Lunar Regolith Simulant,2011.0,41st International Conference on Environmental Systems,Zengguang Yuan; Julie Kleinhenz,proceedings-article,https://doi.org/10.2514/6.2011-5138,VERIFIED_CROSSREF,parent_registry_v323,,"Legacy curated metadata; not a prevalence, quality, or quantitative-evidence claim."
10.1029/2011je003987,Lunar equatorial surface temperatures and regolith properties from the Diviner Lunar Radiometer Experiment,2012,Journal of Geophysical Research: Planets,Ashwin R. Vasavada; Joshua L. Bandfield; Benjamin T. Greenhagen; Paul O. Hayne; Matthew A. Siegler; Jean‐Pierre Williams,journal-article,https://doi.org/10.1029/2011je003987,VERIFIED_CROSSREF,Q06;Q14,lunar;regolith;solar,"Discovery metadata only; not a prevalence, quality, or quantitative-evidence claim."
10.1029/2011je004019,Empirical energy spectra of neutralized solar wind protons from the lunar regolith,2012,Journal of Geophysical Research: Planets,Y. Futaana; S. Barabash; M. Wieser; M. Holmström; C. Lue; P. Wurz,journal-article,https://doi.org/10.1029/2011je004019,VERIFIED_CROSSREF,Q04,lunar;regolith;solar,"Discovery metadata only; not a prevalence, quality, or quantitative-evidence claim."
10.1029/2011rs004791,Microwave brightness temperature of cratered lunar surface and inversions of the physical temperature profile and thickness of regolith layer,2012,Radio Science,Xiaohui Gong; Ya‐Qiu Jin,journal-article,https://doi.org/10.1029/2011rs004791,VERIFIED_CROSSREF,Q02;Q06,lunar;microwave;regolith;solar,"Discovery metadata only; not a prevalence, quality, or quantitative-evidence claim."
10.1061/(asce)as.1943-5525.0000129,Properties of TJ-1 Lunar Soil Simulant,2012,Journal of Aerospace Engineering,Mingjing Jiang; Liqing Li; Yugang Sun,journal-article,https://doi.org/10.1061/(asce)as.1943-5525.0000129,VERIFIED_CROSSREF,Q09,lunar;simulant,"Discovery metadata only; not a prevalence, quality, or quantitative-evidence claim."
10.1108/13552541211271992,First demonstration on direct laser fabrication of lunar regolith parts,2012,Rapid Prototyping Journal,Vamsi Krishna Balla; Luke B. Roberson; Gregory W. O'Connor; Steven Trigwell; Susmita Bose; Amit Bandyopadhyay,journal-article,https://doi.org/10.1108/13552541211271992,VERIFIED_CROSSREF,Q05,additive;construction;laser;lunar;manufactur;melt;regolith;simulant,"Discovery metadata only; not a prevalence, quality, or quantitative-evidence claim."
10.4028/www.scientific.net/amm.233.218,Experimental Research on Drilling and Sampling of Lunar Soil Simulant,2012,Applied Mechanics and Materials,X. Shi; Q. Quan; De Wei Tang; S. Jiang; X. Hou; Z. Deng,journal-article,https://doi.org/10.4028/www.scientific.net/amm.233.218,VERIFIED_CROSSREF,Q09,lunar;simulant,"Discovery metadata only; not a prevalence, quality, or quantitative-evidence claim."
10.4028/www.scientific.net/amr.508.241,Study on the Pressure-Sinkage Relationship of Lunar Soil Simulant,2012,Advanced Materials Research,Jian Qiao Li; Hao Li; Da Wei Jin; Ling He; Meng Zou,journal-article,https://doi.org/10.4028/www.scientific.net/amr.508.241,VERIFIED_CROSSREF,Q09,lunar;moon;regolith;simulant,"Discovery metadata only; not a prevalence, quality, or quantitative-evidence claim."
10.1061/9780784412190.015,Feasibility Study on Lunar Concrete Landing Pad,2012.0,Earth and Space 2012,Jaeho Lee; Byung Chul Chang; Sangah Lee,proceedings-article,https://doi.org/10.1061/9780784412190.015,VERIFIED_CROSSREF,parent_registry_v323,,"Legacy curated metadata; not a prevalence, quality, or quantitative-evidence claim."
10.1002/2013eo020009,The Evolution of the Lunar Highlands Crust: A Complicated History,2013,"Eos, Transactions American Geophysical Union",Rachel Klima,journal-article,https://doi.org/10.1002/2013eo020009,VERIFIED_CROSSREF,Q09,lunar;moon;solar,"Discovery metadata only; not a prevalence, quality, or quantitative-evidence claim."
10.1016/j.asr.2013.02.001,Experimental investigation on deformation behavior of TJ-1 lunar soil simulant subjected to principal stress rotation,2013,Advances in Space Research,Mingjing Jiang; Liqing Li; Qijun Yang,journal-article,https://doi.org/10.1016/j.asr.2013.02.001,VERIFIED_CROSSREF,Q09,lunar;simulant,"Discovery metadata only; not a prevalence, quality, or quantitative-evidence claim."
10.1016/j.proci.2012.06.109,Combustion wave propagation in mixtures of JSC-1A lunar regolith simulant with magnesium,2013,Proceedings of the Combustion Institute,Francisco Álvarez; Christopher White; Ashvin Kumar Narayana Swamy; Evgeny Shafirovich,journal-article,https://doi.org/10.1016/j.proci.2012.06.109,VERIFIED_CROSSREF,Q10,lunar;regolith;simulant,"Discovery metadata only; not a prevalence, quality, or quantitative-evidence claim."
10.1061/(asce)as.1943-5525.0000162,Geotechnical Properties of GRC-3 Lunar Simulant,2013,Journal of Aerospace Engineering,Chunmei He; Xiangwu Zeng; Allen Wilkinson,journal-article,https://doi.org/10.1061/(asce)as.1943-5525.0000162,VERIFIED_CROSSREF,Q09,lunar;simulant,"Discovery metadata only; not a prevalence, quality, or quantitative-evidence claim."
10.1061/(asce)as.1943-5525.0000197,Measurement of Small Cohesion of JSC-1A Lunar Simulant,2013,Journal of Aerospace Engineering,Yuru Li; Xiangwu Zeng; Allen Wilkinson,journal-article,https://doi.org/10.1061/(asce)as.1943-5525.0000197,VERIFIED_CROSSREF,Q09,lunar;simulant,"Discovery metadata only; not a prevalence, quality, or quantitative-evidence claim."
10.1061/(asce)as.1943-5525.0000224,Laboratory-Scale Distributed Pressure Measurements of Blade Interaction with JSC-1A Lunar Simulant,2013,Journal of Aerospace Engineering,Robert H. King; Andrew T. Brewer,journal-article,https://doi.org/10.1061/(asce)as.1943-5525.0000224,VERIFIED_CROSSREF,Q09,lunar;simulant,"Discovery metadata only; not a prevalence, quality, or quantitative-evidence claim."
10.1061/(asce)as.1943-5525.0000227,Evaluation of Tribocharged Electrostatic Beneficiation of Lunar Simulant in Lunar Gravity,2013,Journal of Aerospace Engineering,Jacqueline W. Quinn; Jim G. Captain; Kyle Weis; Edgardo Santiago-Maldonado; Steve Trigwell,journal-article,https://doi.org/10.1061/(asce)as.1943-5525.0000227,VERIFIED_CROSSREF,Q09,lunar;simulant,"Discovery metadata only; not a prevalence, quality, or quantitative-evidence claim."
10.1109/tps.2013.2279170,Measurement of Dust Charging on a Lunar Regolith Simulant Surface,2013,IEEE Transactions on Plasma Science,Ning Ding; Joseph Wang; John Polansky,journal-article,https://doi.org/10.1109/tps.2013.2279170,VERIFIED_CROSSREF,Q03;Q09;Q10,lunar;regolith;simulant,"Discovery metadata only; not a prevalence, quality, or quantitative-evidence claim."
10.4028/www.scientific.net/amm.357-360.1405,Experimental Study of Hygroscopicity of Lunar Soil Simulant,2013,Applied Mechanics and Materials,Rui Yang Shi; Jian Qiao Li; Meng Zou; Shi Chao Fan; Ling He; Yan Jing Yang,journal-article,https://doi.org/10.4028/www.scientific.net/amm.357-360.1405,VERIFIED_CROSSREF,Q09,lunar;simulant,"Discovery metadata only; not a prevalence, quality, or quantitative-evidence claim."
10.1016/j.icarus.2012.10.010,Persistently illuminated regions at the lunar poles: Ideal sites for future exploration,2013.0,Icarus,Emerson J. Speyerer; Mark S. Robinson,journal-article,https://doi.org/10.1016/j.icarus.2012.10.010,VERIFIED_CROSSREF,parent_registry_v323,,"Legacy curated metadata; not a prevalence, quality, or quantitative-evidence claim."
10.1016/j.jnoncrysol.2012.09.027,Thermal characterization of glasses prepared from simulated compositions of lunar soil JSC-1A,2013.0,Journal of Non-Crystalline Solids,A.S. Pinheiro; Z.M. da Costa; M.J.V. Bell,journal-article,https://doi.org/10.1016/j.jnoncrysol.2012.09.027,VERIFIED_CROSSREF,parent_registry_v323,,"Legacy curated metadata; not a prevalence, quality, or quantitative-evidence claim."
10.1115/imece2013-64334,Experimental Investigation of Selective Laser Melting of Lunar Regolith for In-Situ Applications,2013.0,Volume 2A: Advanced Manufacturing,Miranda Fateri; Andreas Gebhardt; Maziar Khosravi,proceedings-article,https://doi.org/10.1115/imece2013-64334,VERIFIED_CROSSREF,parent_registry_v323,,"Legacy curated metadata; not a prevalence, quality, or quantitative-evidence claim."
10.1002/2013je004523,"Outcrops on lunar crater rims: Implications for rim construction mechanisms, ejecta volumes and excavation depths",2014,Journal of Geophysical Research: Planets,Virgil L. Sharpton,journal-article,https://doi.org/10.1002/2013je004523,VERIFIED_CROSSREF,Q13,construction;lunar;melt,"Discovery metadata only; not a prevalence, quality, or quantitative-evidence claim."
10.1002/2013je004582,Chandrayaan-1 observations of backscattered solar wind protons from the lunar regolith: Dependence on the solar wind speed,2014,Journal of Geophysical Research: Planets,Charles Lue; Yoshifumi Futaana; Stas Barabash; Martin Wieser; Anil Bhardwaj; Peter Wurz,journal-article,https://doi.org/10.1002/2013je004582,VERIFIED_CROSSREF,Q04,lunar;regolith;solar,"Discovery metadata only; not a prevalence, quality, or quantitative-evidence claim."
10.1007/s12665-013-2763-7,Mechanical characteristics of a lunar regolith simulant at low confining pressure,2014,Environmental Earth Sciences,Yu Huang; Hu Zheng,journal-article,https://doi.org/10.1007/s12665-013-2763-7,VERIFIED_CROSSREF,Q03;Q09;Q10;Q14,lunar;regolith;simulant,"Discovery metadata only; not a prevalence, quality, or quantitative-evidence claim."
10.1016/j.jterra.2014.04.005,Flowability of lunar regolith simulants under reduced gravity and vacuum in hopper-based conveying devices,2014,Journal of Terramechanics,P. Reiss; P. Hager; A. Hoehn; M. Rott; U. Walter,journal-article,https://doi.org/10.1016/j.jterra.2014.04.005,VERIFIED_CROSSREF,Q06,lunar;regolith;simulant,"Discovery metadata only; not a prevalence, quality, or quantitative-evidence claim."
10.1016/j.proeng.2014.06.186,Shear Properties of Lunar Regolith Simulants,2014,Procedia Engineering,Zhang Lu; Lv Jianguo,journal-article,https://doi.org/10.1016/j.proeng.2014.06.186,VERIFIED_CROSSREF,Q01;Q02;Q04;Q05;Q06;Q08;Q11;Q12;Q13;Q14;Q15,lunar;regolith;simulant,"Discovery metadata only; not a prevalence, quality, or quantitative-evidence claim."
10.1016/j.wear.2014.04.018,An experimental study of lunar dust erosive wear potential using the JSC-1AF lunar dust simulant,2014,Wear,Jeremiah N. Mpagazehe; Kenneth W. Street; Irebert R. Delgado; C. Fred Higgs,journal-article,https://doi.org/10.1016/j.wear.2014.04.018,VERIFIED_CROSSREF,Q09,lunar;simulant,"Discovery metadata only; not a prevalence, quality, or quantitative-evidence claim."
10.1134/s0038094614020038,Volatiles in lunar regolith samples: A survey,2014,Solar System Research,A. V. Ivanov,journal-article,https://doi.org/10.1134/s0038094614020038,VERIFIED_CROSSREF,Q01;Q02;Q04;Q06;Q08;Q12;Q15,lunar;regolith;solar,"Discovery metadata only; not a prevalence, quality, or quantitative-evidence claim."
10.2514/1.t4106,Extraction of Volatiles from Lunar Regolith Using Solar Power,2014,Journal of Thermophysics and Heat Transfer,Jorge A. Frias; Evgeny Shafirovich; Michael VanWoerkom,journal-article,https://doi.org/10.2514/1.t4106,VERIFIED_CROSSREF,Q04,lunar;regolith;solar,"Discovery metadata only; not a prevalence, quality, or quantitative-evidence claim."
10.1016/b978-0-08-096532-1.01003-7,Selective Laser Sintering/Melting,2014.0,Comprehensive Materials Processing,S. Kumar,book-chapter,https://doi.org/10.1016/b978-0-08-096532-1.01003-7,VERIFIED_CROSSREF,parent_registry_v323,,"Legacy curated metadata; not a prevalence, quality, or quantitative-evidence claim."
10.1002/2014ja020938,Hybrid simulation of the interaction of solar wind protons with a concentrated lunar magnetic anomaly,2015,Journal of Geophysical Research: Space Physics,J. Giacalone; L. L. Hood,journal-article,https://doi.org/10.1002/2014ja020938,VERIFIED_CROSSREF,Q04,lunar;moon;regolith;solar,"Discovery metadata only; not a prevalence, quality, or quantitative-evidence claim."
10.1007/s12665-014-3767-7,Model tests on flow slide of lunar regolith simulant,2015,Environmental Earth Sciences,Hu Zheng; Yu Huang,journal-article,https://doi.org/10.1007/s12665-014-3767-7,VERIFIED_CROSSREF,Q01;Q03;Q09;Q10;Q15,lunar;regolith;simulant,"Discovery metadata only; not a prevalence, quality, or quantitative-evidence claim."
10.1016/j.asr.2015.05.044,Evaluation of lunar regolith geopolymer binder as a radioactive shielding material for space exploration applications,2015,Advances in Space Research,Carlos Montes; Kaylin Broussard; Matthew Gongre; Neven Simicevic; Johanna Mejia; Jessica Tham,journal-article,https://doi.org/10.1016/j.asr.2015.05.044,VERIFIED_CROSSREF,Q06;Q07,geopolymer;lunar;regolith,"Discovery metadata only; not a prevalence, quality, or quantitative-evidence claim."
10.1016/j.icarus.2014.09.014,Solar wind implantation into lunar regolith: Hydrogen retention in a surface with defects,2015,Icarus,W.M. Farrell; D.M. Hurley; M.I. Zimmerman,journal-article,https://doi.org/10.1016/j.icarus.2014.09.014,VERIFIED_CROSSREF,Q01;Q04;Q06;Q15,lunar;regolith;solar,"Discovery metadata only; not a prevalence, quality, or quantitative-evidence claim."
10.1016/j.pss.2014.11.017,Lunar regolith thickness estimation using dual frequency microwave brightness temperature and influence of vertical variation of FeO+TiO2,2015,Planetary and Space Science,S. Vijayan; Shiv Mohan; SripadaV.S. Murty,journal-article,https://doi.org/10.1016/j.pss.2014.11.017,VERIFIED_CROSSREF,Q02;Q06,lunar;microwave;regolith,"Discovery metadata only; not a prevalence, quality, or quantitative-evidence claim."
10.1061/(asce)as.1943-5525.0000428,Exploratory Review of Sintered Lunar Soil Based on the Results of the Thermal Analysis of a Lunar Soil Simulant,2015,Journal of Aerospace Engineering,A. Bonanno; L. E. Bernold,journal-article,https://doi.org/10.1061/(asce)as.1943-5525.0000428,VERIFIED_CROSSREF,Q09;Q10,lunar;simulant;sinter,"Discovery metadata only; not a prevalence, quality, or quantitative-evidence claim."
10.1061/(asce)as.1943-5525.0000447,Consolidation of Lunar Regolith Simulant by Activated Thermite Reactions,2015,Journal of Aerospace Engineering,M. A. Hobosyan; K. S. Martirosyan,journal-article,https://doi.org/10.1061/(asce)as.1943-5525.0000447,VERIFIED_CROSSREF,Q03;Q09;Q10,lunar;regolith;simulant,"Discovery metadata only; not a prevalence, quality, or quantitative-evidence claim."
10.1061/(asce)as.1943-5525.0000462,Geotechnical Properties of BP-1 Lunar Regolith Simulant,2015,Journal of Aerospace Engineering,Eduardo Suescun-Florez; Stanislav Roslyakov; Magued Iskander; Mohammed Baamer,journal-article,https://doi.org/10.1061/(asce)as.1943-5525.0000462,VERIFIED_CROSSREF,Q03;Q09;Q10;Q14,lunar;regolith;simulant,"Discovery metadata only; not a prevalence, quality, or quantitative-evidence claim."
10.1089/ast.2014.1217,The Moon as a Recorder of Organic Evolution in the Early Solar System: A Lunar Regolith Analog Study,2015,Astrobiology,Richard Matthewman; Richard W. Court; Ian A. Crawford; Adrian P. Jones; Katherine H. Joy; Mark A. Sephton,journal-article,https://doi.org/10.1089/ast.2014.1217,VERIFIED_CROSSREF,Q04,lunar;moon;regolith;simulant;solar,"Discovery metadata only; not a prevalence, quality, or quantitative-evidence claim."
10.1109/lgrs.2014.2343617,Inversion of Dielectric Properties of the Lunar Regolith Media With Temperature Profiles Using Chang'e Microwave Radiometer Observations,2015,IEEE Geoscience and Remote Sensing Letters,Xiaohui Gong; David A. Paige; Matthew A. Siegler; Ya-Qiu Jin,journal-article,https://doi.org/10.1109/lgrs.2014.2343617,VERIFIED_CROSSREF,Q02,lunar;microwave;regolith,"Discovery metadata only; not a prevalence, quality, or quantitative-evidence claim."
10.1109/tps.2015.2492551,Laboratory Measurement of Lunar Regolith Simulant Surface Charging in a Localized Plasma Wake,2015,IEEE Transactions on Plasma Science,William Yu; Joseph Wang; Kevin Chou,journal-article,https://doi.org/10.1109/tps.2015.2492551,VERIFIED_CROSSREF,Q03;Q09;Q10,lunar;regolith;simulant,"Discovery metadata only; not a prevalence, quality, or quantitative-evidence claim."
10.1111/ijac.12326,Process Parameters Development of Selective Laser Melting of Lunar Regolith for On‐Site Manufacturing Applications,2015,International Journal of Applied Ceramic Technology,Miranda Fateri; Andreas Gebhardt,journal-article,https://doi.org/10.1111/ijac.12326,VERIFIED_CROSSREF,Q05;Q11,laser;lunar;manufactur;melt;regolith;simulant,"Discovery metadata only; not a prevalence, quality, or quantitative-evidence claim."
10.1155/2015/658386,Research on Impact Process of Lander Footpad against Simulant Lunar Soils,2015,Shock and Vibration,Bo Huang; Zhujin Jiang; Peng Lin; Daosheng Ling,journal-article,https://doi.org/10.1155/2015/658386,VERIFIED_CROSSREF,Q09,lunar;moon;simulant,"Discovery metadata only; not a prevalence, quality, or quantitative-evidence claim."
10.1166/sl.2015.3459,Research on Temperature Rise of Cutting Edge in Drilling Lunar Soil Simulant with Sensors,2015,Sensor Letters,Jinsheng Cui; Xuyan Hou; Shengyuan Jiang; Wanjing Pan; Tianxiang Ding,journal-article,https://doi.org/10.1166/sl.2015.3459,VERIFIED_CROSSREF,Q09,lunar;simulant,"Discovery metadata only; not a prevalence, quality, or quantitative-evidence claim."
10.1016/j.matlet.2014.11.153,Compressive deformation of porous lunar regolith,2015.0,Materials Letters,Thomas Gualtieri; Amit Bandyopadhyay,journal-article,https://doi.org/10.1016/j.matlet.2014.11.153,VERIFIED_CROSSREF,parent_registry_v323,,"Legacy curated metadata; not a prevalence, quality, or quantitative-evidence claim."
10.5772/59275,"An Overview of Densification, Microstructure and Mechanical Property of Additively Manufactured Ti-6Al-4V — Comparison among Selective Laser Melting, Electron Beam Melting, Laser Metal Deposition and Selective Laser Sintering, and with Conventional Powder",2015.0,Sintering Techniques of Materials,Ming Yan; Peng Yu,book-chapter,https://doi.org/10.5772/59275,VERIFIED_CROSSREF,parent_registry_v323,,"Legacy curated metadata; not a prevalence, quality, or quantitative-evidence claim."
10.1007/s11430-016-5280-1,Influence of (FeO+TiO2) abundance on the microwave thermal emissions of lunar regolith,2016,Science China Earth Sciences,ZhiGuo Meng; GuoDong Yang; JinSong Ping; ZhanChuan Cai; Alexander Gusev; Edward M. Osei,journal-article,https://doi.org/10.1007/s11430-016-5280-1,VERIFIED_CROSSREF,Q02,lunar;microwave;regolith,"Discovery metadata only; not a prevalence, quality, or quantitative-evidence claim."
10.1016/j.asr.2016.04.021,Vibratory compaction method for preparing lunar regolith drilling simulant,2016,Advances in Space Research,Chongbin Chen; Qiquan Quan; Zongquan Deng; Shengyuan Jiang,journal-article,https://doi.org/10.1016/j.asr.2016.04.021,VERIFIED_CROSSREF,Q09;Q10,lunar;regolith;simulant,"Discovery metadata only; not a prevalence, quality, or quantitative-evidence claim."
10.1016/j.energy.2016.03.132,Performance analysis of a lunar based solar thermal power system with regolith thermal storage,2016,Energy,Xiaochen Lu; Rong Ma; Chao Wang; Wei Yao,journal-article,https://doi.org/10.1016/j.energy.2016.03.132,VERIFIED_CROSSREF,Q01;Q02;Q04;Q10,lunar;regolith;solar,"Discovery metadata only; not a prevalence, quality, or quantitative-evidence claim."
10.1016/j.icarus.2016.03.016,Corrigendum to Solar wind implantation into lunar regolith: Hydrogen retention in a surface with defects [Icarus 255 (2015) 116–126],2016,Icarus,W.M. Farrell; D.M. Hurley; M.I. Zimmerman,journal-article,https://doi.org/10.1016/j.icarus.2016.03.016,VERIFIED_CROSSREF,Q04,lunar;regolith;solar,"Discovery metadata only; not a prevalence, quality, or quantitative-evidence claim."
10.1016/j.pss.2016.04.005,Evaluations of lunar regolith simulants,2016,Planetary and Space Science,Lawrence A. Taylor; Carle M. Pieters; Daniel Britt,journal-article,https://doi.org/10.1016/j.pss.2016.04.005,VERIFIED_CROSSREF,Q01;Q15,lunar;regolith;simulant,"Discovery metadata only; not a prevalence, quality, or quantitative-evidence claim."
10.1061/(asce)as.1943-5525.0000598,DMT-Based Estimation of Mechanical Properties for Subsurface Lunar Soil Simulant,2016,Journal of Aerospace Engineering,Xiaomeng Shi; Qiquan Quan; Zongquan Deng; Dewei Tang; Shengyuan Jiang,journal-article,https://doi.org/10.1061/(asce)as.1943-5525.0000598,VERIFIED_CROSSREF,Q09,lunar;simulant,"Discovery metadata only; not a prevalence, quality, or quantitative-evidence claim."
10.1109/tps.2015.2493885,Investigations of Photoemission From Lunar Dust Simulant,2016,IEEE Transactions on Plasma Science,Libor Nouzak; Ivana Richterova; Jiri Pavlu; Zdenek Nemecek; Jana Safrankova,journal-article,https://doi.org/10.1109/tps.2015.2493885,VERIFIED_CROSSREF,Q09,lunar;simulant,"Discovery metadata only; not a prevalence, quality, or quantitative-evidence claim."
10.3901/jme.2016.15.192,Numerical Simulation of Lunar Rock Simulant Cutting Load Based on Discrete Element Modeling and Experimental Validation,2016,Journal of Mechanical Engineering,Dewei TANG,journal-article,https://doi.org/10.3901/jme.2016.15.192,VERIFIED_CROSSREF,Q09,lunar;simulant,"Discovery metadata only; not a prevalence, quality, or quantitative-evidence claim."
10.7843/kgs.2016.32.11.97,Experimental Study of Lunar Rover Wheel's Motion Performance on Korean Lunar Soil Simulant,2016,Journal of the Korean Geotechnical Society,Cheng-Can Wang; Jin-Tae Han,journal-article,https://doi.org/10.7843/kgs.2016.32.11.97,VERIFIED_CROSSREF,Q09,lunar;simulant,"Discovery metadata only; not a prevalence, quality, or quantitative-evidence claim."
10.1016/j.actaastro.2017.01.002,Recovery rate prediction in lunar regolith simulant drilling,2017,Acta Astronautica,Qiquan Quan; Chongbin Chen; Zongquan Deng; Junyue Tang; Shengyuan Jiang,journal-article,https://doi.org/10.1016/j.actaastro.2017.01.002,VERIFIED_CROSSREF,Q03;Q09;Q10,lunar;regolith;simulant,"Discovery metadata only; not a prevalence, quality, or quantitative-evidence claim."
10.1016/j.actaastro.2017.09.018,A structural assessment of unrefined sintered lunar regolith simulant,2017,Acta Astronautica,Stephen J. Indyk; Haym Benaroya,journal-article,https://doi.org/10.1016/j.actaastro.2017.09.018,VERIFIED_CROSSREF,Q01;Q02;Q03;Q04;Q06;Q08;Q09;Q10;Q12;Q13;Q15,lunar;regolith;simulant;sinter,"Discovery metadata only; not a prevalence, quality, or quantitative-evidence claim."
10.1016/j.asr.2016.11.023,A lunar dust simulant: CLDS-i,2017,Advances in Space Research,Hong Tang; Xiongyao Li; Sensen Zhang; Shijie Wang; Jianzhong Liu; Shijie Li,journal-article,https://doi.org/10.1016/j.asr.2016.11.023,VERIFIED_CROSSREF,Q09,lunar;simulant,"Discovery metadata only; not a prevalence, quality, or quantitative-evidence claim."
10.1016/j.asr.2017.01.024,Preparation of lunar regolith based geopolymer cement under heat and vacuum,2017,Advances in Space Research,Gabrielle Davis; Carlos Montes; Sven Eklund,journal-article,https://doi.org/10.1016/j.asr.2017.01.024,VERIFIED_CROSSREF,Q06;Q07;Q10;parent_registry_v323,,"Legacy curated metadata; not a prevalence, quality, or quantitative-evidence claim."
10.1016/j.asr.2017.02.032,A PFC3D-based numerical simulation of cutting load for lunar rock simulant and experimental validation,2017,Advances in Space Research,Peng Li; Shengyuan Jiang; Dewei Tang; Bo Xu,journal-article,https://doi.org/10.1016/j.asr.2017.02.032,VERIFIED_CROSSREF,Q09,lunar;simulant,"Discovery metadata only; not a prevalence, quality, or quantitative-evidence claim."
10.1016/j.conbuildmat.2017.02.029,Solar bricks for lunar construction,2017,Construction and Building Materials,Luana Varela Miranda; Julio R. Valdes; Douglas D. Cortes,journal-article,https://doi.org/10.1016/j.conbuildmat.2017.02.029,VERIFIED_CROSSREF,Q04,construction;lunar;solar,"Discovery metadata only; not a prevalence, quality, or quantitative-evidence claim."
10.1016/j.pss.2017.04.010,Developing a new controllable lunar dust simulant: BHLD20,2017,Planetary and Space Science,Hao Sun; Min Yi; Zhigang Shen; Xiaojing Zhang; Shulin Ma,journal-article,https://doi.org/10.1016/j.pss.2017.04.010,VERIFIED_CROSSREF,Q09,lunar;simulant,"Discovery metadata only; not a prevalence, quality, or quantitative-evidence claim."
10.1061/(asce)as.1943-5525.0000721,Influence of Mineral Composition on Sintering Lunar Regolith,2017,Journal of Aerospace Engineering,A. Meurisse; J. C. Beltzung; M. Kolbe; A. Cowley; M. Sperl,journal-article,https://doi.org/10.1061/(asce)as.1943-5525.0000721,VERIFIED_CROSSREF,Q01;Q02;Q04;Q05;Q07;parent_registry_v323,,"Legacy curated metadata; not a prevalence, quality, or quantitative-evidence claim."
10.1155/2017/3012749,Analysis and Testing of Load Characteristics for Rotary-Percussive Drilling of Lunar Rock Simulant with a Lunar Regolith Coring Bit,2017,Shock and Vibration,Peng Li; Hui Zhang; Shengyuan Jiang; Weiwei Zhang,journal-article,https://doi.org/10.1155/2017/3012749,VERIFIED_CROSSREF,Q01;Q03;Q04;Q06;Q08;Q09;Q10;Q12;Q15,lunar;regolith;simulant,"Discovery metadata only; not a prevalence, quality, or quantitative-evidence claim."
10.17307/wsc.v1i1.179,Helium Implantation into JSC-1A Lunar Simulant for Volatile Extraction System Testing,2017,Proceedings of the Wisconsin Space Conference,Aaron Olson,journal-article,https://doi.org/10.17307/wsc.v1i1.179,VERIFIED_CROSSREF,Q09,lunar;regolith;simulant;solar,"Discovery metadata only; not a prevalence, quality, or quantitative-evidence claim."
10.2298/tsci141023051c,Prediction of the temperature of a drill in drilling lunar rock simulant in a vacuum,2017,Thermal Science,Jinsheng Cui; Xuyan Hou; Zongquan Deng; Wanjing Pan; Qiquan Quan,journal-article,https://doi.org/10.2298/tsci141023051c,VERIFIED_CROSSREF,Q10,lunar;simulant,"Discovery metadata only; not a prevalence, quality, or quantitative-evidence claim."
10.3901/jme.2017.07.085,Mechanics Modeling and Experimental Validation for Lunar Regolith Simulant Drilling,2017,Journal of Mechanical Engineering,Junyue TANG,journal-article,https://doi.org/10.3901/jme.2017.07.085,VERIFIED_CROSSREF,Q01;Q02;Q03;Q04;Q06;Q08;Q09;Q10;Q11;Q12;Q13;Q14;Q15,lunar;regolith;simulant,"Discovery metadata only; not a prevalence, quality, or quantitative-evidence claim."
10.1016/j.asr.2017.06.038,"Extra-terrestrial construction processes – Advancements, opportunities and challenges",2017.0,Advances in Space Research,Sungwoo Lim; Vibha Levin Prabhu; Mahesh Anand,journal-article,https://doi.org/10.1016/j.asr.2017.06.038,VERIFIED_CROSSREF,parent_registry_v323,,"Legacy curated metadata; not a prevalence, quality, or quantitative-evidence claim."
10.1016/j.actaastro.2017.11.005,Sintering of micro-trusses created by extrusion-3D-printing of lunar regolith inks,2018,Acta Astronautica,Shannon L. Taylor; Adam E. Jakus; Katie D. Koube; Amaka J. Ibeh; Nicholas R. Geisendorfer; Ramille N. Shah,journal-article,https://doi.org/10.1016/j.actaastro.2017.11.005,VERIFIED_CROSSREF,Q01;Q02;Q04;Q05;Q07,lunar;printing;regolith;sinter,"Discovery metadata only; not a prevalence, quality, or quantitative-evidence claim."
10.1016/j.actaastro.2018.06.063,Solar 3D printing of lunar regolith,2018,Acta Astronautica,A. Meurisse; A. Makaya; C. Willsch; M. Sperl,journal-article,https://doi.org/10.1016/j.actaastro.2018.06.063,VERIFIED_CROSSREF,Q01;Q02;Q04;Q06;Q08;Q12;Q13;Q15;parent_registry_v323,,"Legacy curated metadata; not a prevalence, quality, or quantitative-evidence claim."
10.1016/j.asr.2018.06.002,Investigation of gravity effect on penetration resistance in Tongji-1 lunar regolith simulant by centrifuge tests,2018,Advances in Space Research,Mingjing Jiang; Banglu Xi; Huayang Lei,journal-article,https://doi.org/10.1016/j.asr.2018.06.002,VERIFIED_CROSSREF,Q09;Q10,lunar;regolith;simulant,"Discovery metadata only; not a prevalence, quality, or quantitative-evidence claim."
10.1016/j.asr.2018.06.013,DEM thermal simulation of bit and object in drilling of lunar soil simulant,2018,Advances in Space Research,Jinsheng Cui; Xuyan Hou; Guilin Wen; Zhongwei Liang,journal-article,https://doi.org/10.1016/j.asr.2018.06.013,VERIFIED_CROSSREF,Q09,lunar;simulant,"Discovery metadata only; not a prevalence, quality, or quantitative-evidence claim."
10.1016/j.icarus.2018.02.027,Thermal conductivity of lunar regolith simulant JSC-1A under vacuum,2018,Icarus,Naoya Sakatani; Kazunori Ogawa; Masahiko Arakawa; Satoshi Tanaka,journal-article,https://doi.org/10.1016/j.icarus.2018.02.027,VERIFIED_CROSSREF,Q01;Q02;Q03;Q04;Q06;Q08;Q09;Q10;Q12;Q15;parent_registry_v323,,"Legacy curated metadata; not a prevalence, quality, or quantitative-evidence claim."
10.1061/(asce)as.1943-5525.0000798,Development and Geotechnical Engineering Properties of KLS-1 Lunar Simulant,2018,Journal of Aerospace Engineering,Byung-Hyun Ryu; Cheng-Can Wang; Ilhan Chang,journal-article,https://doi.org/10.1061/(asce)as.1943-5525.0000798,VERIFIED_CROSSREF,Q09,lunar;simulant,"Discovery metadata only; not a prevalence, quality, or quantitative-evidence claim."
10.1061/(asce)as.1943-5525.0000848,Shear Strength and Stiffness Characterization of Lunar Simulant GRC-3,2018,Journal of Aerospace Engineering,Mandar M. Dewoolkar; Michael Edwards; Dylan Walsh,journal-article,https://doi.org/10.1061/(asce)as.1943-5525.0000848,VERIFIED_CROSSREF,Q09,lunar;simulant,"Discovery metadata only; not a prevalence, quality, or quantitative-evidence claim."
10.1061/(asce)as.1943-5525.0000927,Arching Effect of Planetary Regolith Simulant under Extraterrestrial Gravities,2018,Journal of Aerospace Engineering,Ruilin Li; Guoqing Zhou; Matthew R. Hall,journal-article,https://doi.org/10.1061/(asce)as.1943-5525.0000927,VERIFIED_CROSSREF,Q15,regolith;simulant,"Discovery metadata only; not a prevalence, quality, or quantitative-evidence claim."
10.1186/s10033-018-0207-8,On Modeling Drilling Load in Lunar Regolith Simulant,2018,Chinese Journal of Mechanical Engineering,Qi-Quan Quan; Chong-Bin Chen; Zong-Quan Deng; Jun-Yue Tang; De-Wei Tang,journal-article,https://doi.org/10.1186/s10033-018-0207-8,VERIFIED_CROSSREF,Q03;Q10,lunar;regolith;simulant,"Discovery metadata only; not a prevalence, quality, or quantitative-evidence claim."
10.14311/cej.2018.02.0017,DISCRETE ELEMENT MODELING OF STRENGTH PROPERTIES AND FAILURE MODES OF QH-E LUNAR SOIL SIMULANT AT LOW CONFINING STRESSES,2018,Stavební obzor - Civil Engineering Journal,Li Yun-Li; Zou Wei-Lie; Wu Wen-Ping; Chen Lun,journal-article,https://doi.org/10.14311/cej.2018.02.0017,VERIFIED_CROSSREF,Q09,lunar;simulant,"Discovery metadata only; not a prevalence, quality, or quantitative-evidence claim."
10.15632/jtam-pl.56.1.137,Modified model for shear stress distribution using TRI-1 Lunar soil simulant,2018,Journal of Theoretical and Applied Mechanics,S. Jayalekshmi; Pala Gireesh Kumar,journal-article,https://doi.org/10.15632/jtam-pl.56.1.137,VERIFIED_CROSSREF,Q09,lunar;simulant,"Discovery metadata only; not a prevalence, quality, or quantitative-evidence claim."
10.2351/1.5018576,Selective Laser Melting for processing of regolith in support of a lunar base,2018,Journal of Laser Applications,N. Gerdes; L. G. Fokken; S. Linke; S. Kaierle; O. Suttmann; J. Hermsdorf,journal-article,https://doi.org/10.2351/1.5018576,VERIFIED_CROSSREF,Q05;parent_registry_v323,,"Legacy curated metadata; not a prevalence, quality, or quantitative-evidence claim."
10.5194/isprs-annals-iv-4-199-2018,NEW INSIGHTS INTO SOLAR WIND IMPLANTED VOLATILES FOR LUNAR REGOLITH CHARACTERIZATION: A SIMULATION BASED APPROACH,2018,"ISPRS Annals of the Photogrammetry, Remote Sensing and Spatial Information Sciences",S. Shukla; S. Majumdar; A. Maiti; S. Kumar,journal-article,https://doi.org/10.5194/isprs-annals-iv-4-199-2018,VERIFIED_CROSSREF,Q04,lunar;regolith;solar,"Discovery metadata only; not a prevalence, quality, or quantitative-evidence claim."
10.1002/essoar.10500131.1,Wideband Microwave Radiometry for Remote Sensing of Lunar Regolith and Bedrock,2018.0,not_extracted,Mustafa Aksoy,posted-content,https://doi.org/10.1002/essoar.10500131.1,VERIFIED_CROSSREF,parent_registry_v323,,"Legacy curated metadata; not a prevalence, quality, or quantitative-evidence claim."
10.1615/ihtc16.cip.023445,THERMAL CONDUCTIVITY IMPROVEMENT OF LUNAR REGOLITH SIMULANT,2018.0,International Heat Transfer Conference 16,Chao Wang; Xiaochen Lu; Rong Ma,proceedings-article,https://doi.org/10.1615/ihtc16.cip.023445,VERIFIED_CROSSREF,parent_registry_v323,,"Legacy curated metadata; not a prevalence, quality, or quantitative-evidence claim."
10.1002/tox.22665,Mechanisms involved in inflammatory pulmonary fibrosis induced by lunar dust simulant in rats,2019,Environmental Toxicology,Yan Sun; Jinguo Liu; Xiaoping Zhang; Xiongyao Li; Baichu Zhou; Zengjing Lv,journal-article,https://doi.org/10.1002/tox.22665,VERIFIED_CROSSREF,Q09,lunar;simulant,"Discovery metadata only; not a prevalence, quality, or quantitative-evidence claim."
10.1007/s10853-018-3101-y,Manufacture of glass and mirrors from lunar regolith simulant,2019,Journal of Materials Science,Juergen Schleppi; Joseph Gibbons; Alexander Groetsch; Jim Buckman; Aidan Cowley; Nick Bennett,journal-article,https://doi.org/10.1007/s10853-018-3101-y,VERIFIED_CROSSREF,Q09;Q10,lunar;manufactur;regolith;simulant,"Discovery metadata only; not a prevalence, quality, or quantitative-evidence claim."
10.1007/s12217-019-9674-5,Investigation on Wetting and Melting Behavior of Lunar Regolith Simulant for Additive Manufacturing Application,2019,Microgravity Science and Technology,Miranda Fateri; Sebastian Pitikaris; Matthias Sperl,journal-article,https://doi.org/10.1007/s12217-019-9674-5,VERIFIED_CROSSREF,Q05;Q09;Q10;Q11,additive;lunar;manufactur;melt;regolith;simulant,"Discovery metadata only; not a prevalence, quality, or quantitative-evidence claim."
10.1016/j.actaastro.2019.01.022,Evacuation method and outgassing rate of a lunar regolith simulant for deep drilling tests,2019,Acta Astronautica,Tao Zhang; Xilun Ding; Kun Xu; Shuting Liu; Li He; Haifei Zhu,journal-article,https://doi.org/10.1016/j.actaastro.2019.01.022,VERIFIED_CROSSREF,Q09;Q10,lunar;regolith;simulant,"Discovery metadata only; not a prevalence, quality, or quantitative-evidence claim."
10.1016/j.actaastro.2019.05.002,Thermal simulation of drilling into lunar rock simulant by discrete element method,2019,Acta Astronautica,Jinsheng Cui; Xuyan Hou; Guilin Wen; Zhongwei Liang,journal-article,https://doi.org/10.1016/j.actaastro.2019.05.002,VERIFIED_CROSSREF,Q09;Q10,lunar;simulant,"Discovery metadata only; not a prevalence, quality, or quantitative-evidence claim."
10.1016/j.asr.2018.12.025,Optimum parameter matching obtained by experiments for coring drilling into lunar simulant,2019,Advances in Space Research,Zhen Zhao; Tao Chen; Yong Pang,journal-article,https://doi.org/10.1016/j.asr.2018.12.025,VERIFIED_CROSSREF,Q09,lunar;simulant,"Discovery metadata only; not a prevalence, quality, or quantitative-evidence claim."
10.1016/j.asr.2019.08.001,Invariance of conveying capacity for drilling into lunar soil simulant,2019,Advances in Space Research,Tao Chen; Zhen Zhao; Stephen R. Schwartz; Caishan Liu; Qi Wang,journal-article,https://doi.org/10.1016/j.asr.2019.08.001,VERIFIED_CROSSREF,Q09,lunar;simulant,"Discovery metadata only; not a prevalence, quality, or quantitative-evidence claim."
10.1016/j.autcon.2019.03.024,In-situ construction method for lunar habitation: Chinese Super Mason,2019,Automation in Construction,Cheng Zhou; Rui Chen; Jie Xu; Lieyun Ding; Hanbin Luo; Jian Fan,journal-article,https://doi.org/10.1016/j.autcon.2019.03.024,VERIFIED_CROSSREF,Q12,construction;lunar,"Discovery metadata only; not a prevalence, quality, or quantitative-evidence claim."
10.1016/j.ceramint.2018.11.023,Vacuum sintered lunar regolith simulant: Pore-forming and thermal conductivity,2019,Ceramics International,Lei Song; Jiao Xu; Shuqian Fan; Hong Tang; Xiongyao Li; Jianzhong Liu,journal-article,https://doi.org/10.1016/j.ceramint.2018.11.023,VERIFIED_CROSSREF,Q06;Q09;Q10;parent_registry_v323,,"Legacy curated metadata; not a prevalence, quality, or quantitative-evidence claim."
10.1016/j.ceramint.2019.05.276,Sintering of lunar regolith structures fabricated via digital light processing,2019,Ceramics International,Rui Dou; Wei Zhe Tang; Li Wang; Shan Li; Wen Yan Duan; Ming Liu,journal-article,https://doi.org/10.1016/j.ceramint.2019.05.276,VERIFIED_CROSSREF,Q01;Q02;Q04;Q05;Q07,lunar;regolith;sinter,"Discovery metadata only; not a prevalence, quality, or quantitative-evidence claim."
10.1016/j.conbuildmat.2019.02.146,Preparation of autoclave concrete from basaltic lunar regolith simulant: Effect of mixture and manufacture process,2019,Construction and Building Materials,Lixiong Cai; Lieyun Ding; Hanbin Luo; Xingcun Yi,journal-article,https://doi.org/10.1016/j.conbuildmat.2019.02.146,VERIFIED_CROSSREF,Q04;Q05;Q08;Q09;Q10;Q11;Q12;Q13;Q14;Q15,construction;lunar;manufactur;regolith;simulant,"Discovery metadata only; not a prevalence, quality, or quantitative-evidence claim."
10.1016/j.icarus.2019.03.009,Penetration and relaxation behavior of dry lunar regolith simulants,2019,Icarus,Jared Atkinson; Manika Prasad; Angel Abbud-Madrid; Christopher B. Dreyer,journal-article,https://doi.org/10.1016/j.icarus.2019.03.009,VERIFIED_CROSSREF,Q01;Q04;Q06;Q08;Q12;Q15,lunar;regolith;simulant,"Discovery metadata only; not a prevalence, quality, or quantitative-evidence claim."
10.1016/j.jterra.2018.12.002,Studies on the sinkages of rigid plain wheels and lugged wheels on TRI-1 lunar soil simulant,2019,Journal of Terramechanics,S. Jayalekshmi; Pala Gireesh Kumar,journal-article,https://doi.org/10.1016/j.jterra.2018.12.002,VERIFIED_CROSSREF,Q09,lunar;simulant,"Discovery metadata only; not a prevalence, quality, or quantitative-evidence claim."
10.1016/j.powtec.2019.02.012,Constitutive properties of irregularly shaped lunar soil simulant particles,2019,Powder Technology,Xuyan Hou; Tianxiang Ding; Tao Chen; Yuming Liu; Man Li; Zongquan Deng,journal-article,https://doi.org/10.1016/j.powtec.2019.02.012,VERIFIED_CROSSREF,Q09,lunar;simulant,"Discovery metadata only; not a prevalence, quality, or quantitative-evidence claim."
10.1016/j.pss.2019.05.001,Thermal extraction of volatiles from the lunar regolith simulant NU-LHT-2M: Preparations for in-situ analyses on the Moon,2019,Planetary and Space Science,P. Reiss; L. Grill; S.J. Barber,journal-article,https://doi.org/10.1016/j.pss.2019.05.001,VERIFIED_CROSSREF,Q10;Q12,lunar;moon;regolith;simulant,"Discovery metadata only; not a prevalence, quality, or quantitative-evidence claim."
10.1016/j.pss.2019.104723,Numerical modelling of the microwave heating behaviour of lunar regolith,2019,Planetary and Space Science,Sungwoo Lim; Mahesh Anand,journal-article,https://doi.org/10.1016/j.pss.2019.104723,VERIFIED_CROSSREF,Q01;Q02;Q04;Q06;Q12;Q15,lunar;microwave;regolith,"Discovery metadata only; not a prevalence, quality, or quantitative-evidence claim."
10.1029/2019jb017589,Micromechanical Behavior of DNA‐1A Lunar Regolith Simulant in Comparison to Ottawa Sand,2019,Journal of Geophysical Research: Solid Earth,C. S. Sandeep; V. Marzulli; F. Cafaro; K. Senetakis; T. Pöschel,journal-article,https://doi.org/10.1029/2019jb017589,VERIFIED_CROSSREF,Q10,lunar;regolith;simulant,"Discovery metadata only; not a prevalence, quality, or quantitative-evidence claim."
10.1039/c8tx00329g,Effects of lunar dust simulant on cardiac function and fibrosis in rats,2019,Toxicology Research,Yan Sun; Lu Zhang; Jinguo Liu; Xiaoping Zhang; Yan Su; Quanling Yin,journal-article,https://doi.org/10.1039/c8tx00329g,VERIFIED_CROSSREF,Q09,lunar;simulant,"Discovery metadata only; not a prevalence, quality, or quantitative-evidence claim."
10.1061/(asce)as.1943-5525.0000983,Geotechnical Properties of Uncompacted DNA-1A Lunar Simulant,2019,Journal of Aerospace Engineering,Valentina Marzulli; Francesco Cafaro,journal-article,https://doi.org/10.1061/(asce)as.1943-5525.0000983,VERIFIED_CROSSREF,Q09,lunar;simulant,"Discovery metadata only; not a prevalence, quality, or quantitative-evidence claim."
10.1061/(asce)as.1943-5525.0001039,Localized Microwave Thermal Posttreatment of Sintered Samples of Lunar Simulant,2019,Journal of Aerospace Engineering,Miranda Fateri; Aidan Cowley; Matthias Kolbe; Oriane Garcia; Matthias Sperl; Samantha Cristoforetti,journal-article,https://doi.org/10.1061/(asce)as.1943-5525.0001039,VERIFIED_CROSSREF,Q09,lunar;microwave;simulant;sinter,"Discovery metadata only; not a prevalence, quality, or quantitative-evidence claim."
10.1109/access.2019.2907698,Performance Evaluation of a Coring Drill Based on Three Classical Lunar Simulant Conditions,2019,IEEE Access,Ye Tian; Fei Yang; Jihai Gu; Zongquan Deng; Mengmeng Chen; Panpan Yuan,journal-article,https://doi.org/10.1109/access.2019.2907698,VERIFIED_CROSSREF,Q09,lunar;simulant,"Discovery metadata only; not a prevalence, quality, or quantitative-evidence claim."
10.1111/ijac.13267,Thermal properties of processed lunar regolith simulant,2019,International Journal of Applied Ceramic Technology,Miranda Fateri; Reinhard Sottong; Matthias Kolbe; Julie Gamer; Matthias Sperl; Aidan Cowley,journal-article,https://doi.org/10.1111/ijac.13267,VERIFIED_CROSSREF,Q03;Q10,laser;lunar;manufactur;microwave;regolith;simulant;sinter;solar,"Discovery metadata only; not a prevalence, quality, or quantitative-evidence claim."
10.2139/ssrn.3904874,Lunar &amp;amp; Mars Habitat Construction the Simple Cost Effective and Inexpensive Way,2019,SSRN Electronic Journal,Fredrick Zia Michael,journal-article,https://doi.org/10.2139/ssrn.3904874,VERIFIED_CROSSREF,Q08,construction;lunar,"Discovery metadata only; not a prevalence, quality, or quantitative-evidence claim."
10.2351/1.5062614,"Erratum: “Selective Laser Melting for processing of regolith in support of a lunar base” [J. Laser Appl. 30, 032018 (2018)]",2019,Journal of Laser Applications,N. Gerdes; L. G. Fokken; S. Linke; S. Kaierle; O. Suttmann; J. Hermsdorf,journal-article,https://doi.org/10.2351/1.5062614,VERIFIED_CROSSREF,Q05,laser;lunar;melt;regolith,"Discovery metadata only; not a prevalence, quality, or quantitative-evidence claim."
10.3390/ma12030487,Manufacturing Dense Thick Films of Lunar Regolith Simulant EAC-1 at Room Temperature,2019,Materials,Philipp Nieke; Jaroslaw Kita; Marc Häming; Ralf Moos,journal-article,https://doi.org/10.3390/ma12030487,VERIFIED_CROSSREF,Q01;Q03;Q06;Q09;Q10;Q11;Q15,laser;lunar;manufactur;moon;regolith;simulant,"Discovery metadata only; not a prevalence, quality, or quantitative-evidence claim."
10.3390/ma12233871,Pilbara Craton Soil as A Possible Lunar Soil Simulant for Civil Engineering Applications,2019,Materials,Janusz Kobaka; Jacek Katzer; Paweł K. Zarzycki,journal-article,https://doi.org/10.3390/ma12233871,VERIFIED_CROSSREF,Q09,construction;lunar;moon;simulant,"Discovery metadata only; not a prevalence, quality, or quantitative-evidence claim."
10.3847/1538-4357/ab3e08,Photoelectron Sheath on Lunar Sunlit Regolith and Dust Levitation,2019,The Astrophysical Journal,S. K. Mishra; A. Bhardwaj,journal-article,https://doi.org/10.3847/1538-4357/ab3e08,VERIFIED_CROSSREF,Q01;Q02;Q04;Q06;Q08;Q12;Q15,lunar;moon;regolith;solar,"Discovery metadata only; not a prevalence, quality, or quantitative-evidence claim."
10.1016/j.icarus.2018.08.001,Rheological investigation of lunar highland and mare impact melt simulants,2019.0,Icarus,Aaron A. Morrison; Michael Zanetti; Christopher W. Hamilton,journal-article,https://doi.org/10.1016/j.icarus.2018.08.001,VERIFIED_CROSSREF,parent_registry_v323,,"Legacy curated metadata; not a prevalence, quality, or quantitative-evidence claim."
10.31224/osf.io/ezhrp,Integrated Sensing and Earthmoving Vehicle for Lunar Landing Pad Construction,2019.0,not_extracted,Volker Nannen; Damian Bover; Dieter Zöbel,posted-content,https://doi.org/10.31224/osf.io/ezhrp,VERIFIED_CROSSREF,parent_registry_v323,,"Legacy curated metadata; not a prevalence, quality, or quantitative-evidence claim."
10.1007/s10035-020-0999-y,Effects of stress paths on triaxial compression mechanical properties of QH-E lunar soil simulant studied by DEM simulation,2020,Granular Matter,Yunli Li; Wenping Wu; Xihua Chu; Weilie Zou,journal-article,https://doi.org/10.1007/s10035-020-0999-y,VERIFIED_CROSSREF,Q09,lunar;simulant,"Discovery metadata only; not a prevalence, quality, or quantitative-evidence claim."
10.1016/j.actaastro.2019.08.014,Dynamic-compacting based lunar soil simulant preparation for subsurface exploration,2020,Acta Astronautica,Junyue Tang; Qiquan Quan; Shengyuan Jiang; Yi Shen; Ye Tian; Jieneng Liang,journal-article,https://doi.org/10.1016/j.actaastro.2019.08.014,VERIFIED_CROSSREF,Q09,lunar;simulant,"Discovery metadata only; not a prevalence, quality, or quantitative-evidence claim."
10.1016/j.addma.2019.101029,Determining the feasible conditions for processing lunar regolith simulant via laser powder bed fusion,2020,Additive Manufacturing,Leonardo Caprio; Ali Gökhan Demir; Barbara Previtali; Bianca Maria Colosimo,journal-article,https://doi.org/10.1016/j.addma.2019.101029,VERIFIED_CROSSREF,Q05;Q09;Q10;Q11;parent_registry_v323,,"Legacy curated metadata; not a prevalence, quality, or quantitative-evidence claim."
10.1016/j.addma.2020.101304,"Dense, nano-grained, multi-phase ceramic coatings by dry aerosol deposition of lunar regolith simulant",2020,Additive Manufacturing,Paul Fuierer; Robert Calvo; Gregory Strobel,journal-article,https://doi.org/10.1016/j.addma.2020.101304,VERIFIED_CROSSREF,Q03;Q09;Q10;Q11;parent_registry_v323,,"Legacy curated metadata; not a prevalence, quality, or quantitative-evidence claim."
10.1016/j.asr.2020.03.032,A proposition for a lunar aggregate and its simulant,2020,Advances in Space Research,Paweł K. Zarzycki; Jacek Katzer,journal-article,https://doi.org/10.1016/j.asr.2020.03.032,VERIFIED_CROSSREF,Q09,lunar;simulant,"Discovery metadata only; not a prevalence, quality, or quantitative-evidence claim."
10.1016/j.asr.2020.07.041,Ultralow-binder-content thermoplastic composites based on lunar soil simulant,2020,Advances in Space Research,Kiwon Oh; Tzehan Chen; Rui Kou; Haozhe Yi; Yu Qiao,journal-article,https://doi.org/10.1016/j.asr.2020.07.041,VERIFIED_CROSSREF,Q09,composite;lunar;simulant,"Discovery metadata only; not a prevalence, quality, or quantitative-evidence claim."
10.1016/j.asr.2020.08.021,Study on geomechanical properties of lunar soil simulant (LSS-ISAC-1) for chandrayaan mission,2020,Advances in Space Research,I. Venugopal; Kasinathan Muthukkumaran; M. Annadurai; T. Prabu; S. Anbazhagan,journal-article,https://doi.org/10.1016/j.asr.2020.08.021,VERIFIED_CROSSREF,Q09,lunar;simulant,"Discovery metadata only; not a prevalence, quality, or quantitative-evidence claim."
10.1016/j.autcon.2020.103282,Design and automated assembly of Planetary LEGO Brick for lunar in-situ construction,2020,Automation in Construction,Cheng Zhou; Bin Tang; Lieyun Ding; Przemyslaw Sekula; Ying Zhou; Zekun Zhang,journal-article,https://doi.org/10.1016/j.autcon.2020.103282,VERIFIED_CROSSREF,Q12,construction;lunar,"Discovery metadata only; not a prevalence, quality, or quantitative-evidence claim."
10.1016/j.ceramint.2020.02.212,Investigation of the sintering and melting of JSC-2A lunar regolith simulant,2020,Ceramics International,Andrea Zocca; Miranda Fateri; Dominik Al-Sabbagh; Jens Günster,journal-article,https://doi.org/10.1016/j.ceramint.2020.02.212,VERIFIED_CROSSREF,Q01;Q02;Q03;Q04;Q05;Q07;Q09;Q10,lunar;melt;regolith;simulant;sinter,"Discovery metadata only; not a prevalence, quality, or quantitative-evidence claim."
10.1016/j.conbuildmat.2020.120315,"Characterization, mechanical properties, and microstructural development of lunar regolith simulant-portland cement blended mixtures",2020,Construction and Building Materials,Juliana Moraes Neves; Sivakumar Ramanathan; Prannoy Suraneni; Richard Grugel; Aleksandra Radlińska,journal-article,https://doi.org/10.1016/j.conbuildmat.2020.120315,VERIFIED_CROSSREF,Q03;Q04;Q05;Q08;Q09;Q10;Q11;Q12;Q13;Q14;Q15,construction;lunar;regolith;simulant,"Discovery metadata only; not a prevalence, quality, or quantitative-evidence claim."
10.1016/j.icarus.2019.113508,The regolith properties of the Chang'e-5 landing region and the ground drilling experiments using lunar regolith simulants,2020,Icarus,Yuqi Qian; Long Xiao; Shen Yin; Ming Zhang; Siyuan Zhao; Yong Pang,journal-article,https://doi.org/10.1016/j.icarus.2019.113508,VERIFIED_CROSSREF,Q01;Q02;Q04;Q08;Q12;Q13;Q14;Q15,lunar;regolith;simulant,"Discovery metadata only; not a prevalence, quality, or quantitative-evidence claim."
10.1016/j.icarus.2020.113810,Vacuum sintering behavior and magnetic transformation for high-Ti type basalt simulated lunar regolith,2020,Icarus,Lei Song; Jiao Xu; Hong Tang; Jiquan Liu; Jianzhong Liu; Xiongyao Li,journal-article,https://doi.org/10.1016/j.icarus.2020.113810,VERIFIED_CROSSREF,Q01;Q02;Q04;Q05;Q06;Q07,lunar;regolith;sinter,"Discovery metadata only; not a prevalence, quality, or quantitative-evidence claim."
10.1016/j.icarus.2020.113812,Penetration and relaxation behavior of JSC-1A lunar regolith simulant under cryogenic conditions,2020,Icarus,Jared Atkinson; Manika Prasad; Angel Abbud-Madrid; Christopher B. Dreyer,journal-article,https://doi.org/10.1016/j.icarus.2020.113812,VERIFIED_CROSSREF,Q03;Q09;Q10,lunar;regolith;simulant,"Discovery metadata only; not a prevalence, quality, or quantitative-evidence claim."
10.1016/j.pss.2019.104747,TUBS-M and TUBS-T based modular Regolith Simulant System for the support of lunar ISRU activities,2020,Planetary and Space Science,Stefan Linke; Lisa Windisch; Nico Kueter; Jan Egil Wanvik; Anna Voss; Enrico Stoll,journal-article,https://doi.org/10.1016/j.pss.2019.104747,VERIFIED_CROSSREF,Q10,lunar;regolith;simulant,"Discovery metadata only; not a prevalence, quality, or quantitative-evidence claim."
10.1016/j.pss.2019.104757,Behaviour of lunar regolith simulants in fluidised bed reactors for in-situ resource utilisation,2020,Planetary and Space Science,L. Grill; P. Ostermeier; M. Würth; P. Reiss,journal-article,https://doi.org/10.1016/j.pss.2019.104757,VERIFIED_CROSSREF,Q12,lunar;regolith;simulant,"Discovery metadata only; not a prevalence, quality, or quantitative-evidence claim."
10.1029/2019je006076,In Situ Photometric Experiment of Lunar Regolith With Visible and Near‐Infrared Imaging Spectrometer On Board the Yutu‐2 Lunar Rover,2020,Journal of Geophysical Research: Planets,Honglei Lin; Rui Xu; Wei Yang; Yangting Lin; Yong Wei; Sen Hu,journal-article,https://doi.org/10.1029/2019je006076,VERIFIED_CROSSREF,Q12,lunar;moon;regolith;solar,"Discovery metadata only; not a prevalence, quality, or quantitative-evidence claim."
10.1029/2019je006130,New Constraints on Thermal and Dielectric Properties of Lunar Regolith from LRO Diviner and CE‐2 Microwave Radiometer,2020,Journal of Geophysical Research: Planets,Jianqing Feng; Matthew A. Siegler; Paul O. Hayne,journal-article,https://doi.org/10.1029/2019je006130,VERIFIED_CROSSREF,Q02,laser;lunar;microwave;moon;regolith,"Discovery metadata only; not a prevalence, quality, or quantitative-evidence claim."
10.1038/s41598-020-62312-4,EAC-1A: A novel large-volume lunar regolith simulant,2020,Scientific Reports,V. S. Engelschiøn; S. R. Eriksson; A. Cowley; M. Fateri; A. Meurisse; U. Kueppers,journal-article,https://doi.org/10.1038/s41598-020-62312-4,VERIFIED_CROSSREF,Q09;Q10;Q12,lunar;regolith;simulant,"Discovery metadata only; not a prevalence, quality, or quantitative-evidence claim."
10.1111/jace.16808,Microstructure evolution during spark plasma sintering of FJS‐1 lunar soil simulant,2020,Journal of the American Ceramic Society,Xiang Zhang; Mahdieh Khedmati; Yong‐Rak Kim; Hyu‐Soung Shin; Jangguen Lee; Young‐Jae Kim,journal-article,https://doi.org/10.1111/jace.16808,VERIFIED_CROSSREF,Q03,lunar;simulant;sinter;spark plasma,"Discovery metadata only; not a prevalence, quality, or quantitative-evidence claim."
10.1371/journal.pone.0238606,Martian biolith: A bioinspired regolith composite for closed-loop extraterrestrial manufacturing,2020,PLOS ONE,Ng Shiwei; Stylianos Dritsas; Javier G. Fernandez,journal-article,https://doi.org/10.1371/journal.pone.0238606,VERIFIED_CROSSREF,Q15,composite;manufactur;regolith,"Discovery metadata only; not a prevalence, quality, or quantitative-evidence claim."
10.3390/ma13184128,Ceramic Material Processing Towards Future Space Habitat: Electric Current-Assisted Sintering of Lunar Regolith Simulant,2020,Materials,Xin Li Phuah; Han Wang; Bruce Zhang; Jaehun Cho; Xinghang Zhang; Haiyan Wang,journal-article,https://doi.org/10.3390/ma13184128,VERIFIED_CROSSREF,Q01;Q02;Q03;Q04;Q05;Q07;Q09;Q10;parent_registry_v323,,"Legacy curated metadata; not a prevalence, quality, or quantitative-evidence claim."
10.3390/rs12040731,Lunar Regolith Temperature Variation in the Rümker Region Based on the Real-Time Illumination,2020,Remote Sensing,Zhen Zhong; Jianguo Yan; Zhiyong Xiao,journal-article,https://doi.org/10.3390/rs12040731,VERIFIED_CROSSREF,Q06,lunar;regolith;solar,"Discovery metadata only; not a prevalence, quality, or quantitative-evidence claim."
10.34759/tpt-2020-12-6-242-251,Lunar regolith sintering research,2020,Thermal processes in engineering,Kirill Kochnev; Alexey Nenarokomov,journal-article,https://doi.org/10.34759/tpt-2020-12-6-242-251,VERIFIED_CROSSREF,Q01;Q02;Q03;Q04;Q05;Q06;Q07;Q08;Q10;Q11;Q12;Q13;Q14;Q15;parent_registry_v323,,"Legacy curated metadata; not a prevalence, quality, or quantitative-evidence claim."
10.1007/s10035-020-01070-6,3D DEM analysis of soil excavation test on lunar regolith simulant,2021,Granular Matter,Banglu Xi; Mingjing Jiang; Liang Cui,journal-article,https://doi.org/10.1007/s10035-020-01070-6,VERIFIED_CROSSREF,Q03;Q09;Q10;Q15,lunar;regolith;simulant,"Discovery metadata only; not a prevalence, quality, or quantitative-evidence claim."
10.1007/s10853-021-06059-x,In-situ resource utilisation manufacturing of optically transparent glass from lunar regolith simulant,2021,Journal of Materials Science,Juergen Schleppi; Geoffrey Bromiley; Nic Odling; Nick S. Bennett,journal-article,https://doi.org/10.1007/s10853-021-06059-x,VERIFIED_CROSSREF,Q09;Q10;Q11;Q12,lunar;manufactur;regolith;simulant,"Discovery metadata only; not a prevalence, quality, or quantitative-evidence claim."
10.1007/s11430-020-9739-2,Research on microwave radiation features and lunar regolith parameters inversion of the Rümker region,2021,Science China Earth Sciences,Xueying Wang; Zhenzhan Wang; Jingshan Jiang; Dehai Zhang,journal-article,https://doi.org/10.1007/s11430-020-9739-2,VERIFIED_CROSSREF,Q02,lunar;microwave;regolith,"Discovery metadata only; not a prevalence, quality, or quantitative-evidence claim."
10.1016/j.actaastro.2020.08.039,The technology of lunar regolith environment construction on Earth,2021,Acta Astronautica,Tao Zhang; Chaoyue Chao; Zhixiao Yao; Kun Xu; Wuxiang Zhang; Xilun Ding,journal-article,https://doi.org/10.1016/j.actaastro.2020.08.039,VERIFIED_CROSSREF,Q04;Q08;Q12;Q13;Q15,construction;lunar;regolith,"Discovery metadata only; not a prevalence, quality, or quantitative-evidence claim."
10.1016/j.actaastro.2021.01.005,Regolith-based additive manufacturing for sustainable development of lunar infrastructure – An overview,2021,Acta Astronautica,Maxim Isachenkov; Svyatoslav Chugunov; Iskander Akhatov; Igor Shishkovsky,journal-article,https://doi.org/10.1016/j.actaastro.2021.01.005,VERIFIED_CROSSREF,Q11;parent_registry_v323,,"Legacy curated metadata; not a prevalence, quality, or quantitative-evidence claim."
10.1016/j.actaastro.2021.03.016,Sintering of 3D printable simulated lunar regolith magnesium oxychloride cements,2021,Acta Astronautica,Jorge Osio-Norgaard; Austin C. Hayes; Gregory L. Whiting,journal-article,https://doi.org/10.1016/j.actaastro.2021.03.016,VERIFIED_CROSSREF,Q01;Q02;Q04;Q05;Q07,lunar;regolith;sinter,"Discovery metadata only; not a prevalence, quality, or quantitative-evidence claim."
10.1016/j.actaastro.2021.06.037,Thermal properties of lunar regolith simulant melting specimen,2021,Acta Astronautica,Philipp-Marius Kost; Stefan Linke; Bastian Gundlach; Anthony Lethuillier; Julian Baasch; Enrico Stoll,journal-article,https://doi.org/10.1016/j.actaastro.2021.06.037,VERIFIED_CROSSREF,Q03;Q05;Q09;Q10;Q14,lunar;melt;regolith;simulant,"Discovery metadata only; not a prevalence, quality, or quantitative-evidence claim."
10.1016/j.actaastro.2021.08.039,Preparation and evaluation of geopolymer based on BH-2 lunar regolith simulant under lunar surface temperature and vacuum condition,2021,Acta Astronautica,Siqi Zhou; Zhanning Yang; Rongrong Zhang; Xingyi Zhu; Feng Li,journal-article,https://doi.org/10.1016/j.actaastro.2021.08.039,VERIFIED_CROSSREF,Q01;Q02;Q03;Q04;Q06;Q07;Q08;Q09;Q10;Q12;Q15;parent_registry_v323,,"Legacy curated metadata; not a prevalence, quality, or quantitative-evidence claim."
10.1016/j.asr.2021.08.037,Study of the rheology of lunar regolith simulant and water slurries for geopolymer applications on the Moon,2021,Advances in Space Research,Jahinder Momi; Taylor Lewis; Federico Alberini; Marit E. Meyer; Alessio Alexiadis,journal-article,https://doi.org/10.1016/j.asr.2021.08.037,VERIFIED_CROSSREF,Q06;Q07;Q10,geopolymer;lunar;moon;regolith;simulant,"Discovery metadata only; not a prevalence, quality, or quantitative-evidence claim."
10.1016/j.ceramint.2020.10.100,"Spark plasma sintering of a lunar regolith simulant: effects of parameters on microstructure evolution, phase transformation, and mechanical properties",2021,Ceramics International,Xiang Zhang; Shayan Gholami; Mahdieh Khedmati; Bai Cui; Yong-Rak Kim; Young-Jae Kim,journal-article,https://doi.org/10.1016/j.ceramint.2020.10.100,VERIFIED_CROSSREF,Q01;Q02;Q03;Q04;Q05;Q14;parent_registry_v323,,"Legacy curated metadata; not a prevalence, quality, or quantitative-evidence claim."
10.1016/j.ceramint.2021.06.098,"Microstructural, mechanical, and thermal properties of microwave-sintered KLS-1 lunar regolith simulant",2021,Ceramics International,Young-Jae Kim; Byung Hyun Ryu; Hyunwoo Jin; Jangguen Lee; Hyu-Soung Shin,journal-article,https://doi.org/10.1016/j.ceramint.2021.06.098,VERIFIED_CROSSREF,Q02;Q03;Q09;Q10;Q14,lunar;microwave;regolith;simulant;sinter,"Discovery metadata only; not a prevalence, quality, or quantitative-evidence claim."
10.1016/j.conbuildmat.2021.123627,Sintered or melted regolith for lunar construction: state-of-the-art review and future research directions,2021,Construction and Building Materials,Kevin W. Farries; Phillip Visintin; Scott T. Smith; Philip van Eyk,journal-article,https://doi.org/10.1016/j.conbuildmat.2021.123627,VERIFIED_CROSSREF,Q04;Q05;Q08;Q11;Q12;Q13;Q14;Q15;parent_registry_v323,,"Legacy curated metadata; not a prevalence, quality, or quantitative-evidence claim."
10.1016/j.eng.2020.10.016,Preparation and Characterization of High-Strength Geopolymer Based on BH-1 Lunar Soil Simulant with Low Alkali Content,2021,Engineering,Siqi Zhou; Chenghong Lu; Xingyi Zhu; Feng Li,journal-article,https://doi.org/10.1016/j.eng.2020.10.016,VERIFIED_CROSSREF,Q06;Q07;Q09,geopolymer;lunar;simulant,"Discovery metadata only; not a prevalence, quality, or quantitative-evidence claim."
10.1016/j.icarus.2021.114511,A lunar soil simulant (LSS-ISAC-1) for the lunar exploration programme of the Indian Space Research Organisation,2021,Icarus,S. Anbazhagan; I. Venugopal; S. Arivazhagan; M. Chinnamuthu; C.R. Paramasivam; G. Nagesh,journal-article,https://doi.org/10.1016/j.icarus.2021.114511,VERIFIED_CROSSREF,Q09,lunar;simulant,"Discovery metadata only; not a prevalence, quality, or quantitative-evidence claim."
10.1016/j.jmrt.2021.01.124,Investigation of severe lunar environmental conditions on the physical and mechanical properties of lunar regolith geopolymers,2021,Journal of Materials Research and Technology,Shima Pilehvar; Marlies Arnhof; Andreas Erichsen; Luca Valentini; Anna–Lena Kjøniksen,journal-article,https://doi.org/10.1016/j.jmrt.2021.01.124,VERIFIED_CROSSREF,Q01;Q06;Q14;Q15,geopolymer;lunar;regolith,"Discovery metadata only; not a prevalence, quality, or quantitative-evidence claim."
10.1016/j.mtbio.2021.100136,"Blood, sweat, and tears: extraterrestrial regolith biocomposites with in vivo binders",2021,Materials Today Bio,A.D. Roberts; D.R. Whittall; R. Breitling; E. Takano; J.J. Blaker; S. Hay,journal-article,https://doi.org/10.1016/j.mtbio.2021.100136,VERIFIED_CROSSREF,Q15,composite;regolith,"Discovery metadata only; not a prevalence, quality, or quantitative-evidence claim."
10.1016/j.oceram.2021.100058,Additive manufacturing of lunar regolith structures,2021,Open Ceramics,Altan Alpay Altun; Florian Ertl; Maude Marechal; Advenit Makaya; Antonella Sgambati; Martin Schwentenwein,journal-article,https://doi.org/10.1016/j.oceram.2021.100058,VERIFIED_CROSSREF,Q11;Q15,additive;lunar;manufactur;regolith,"Discovery metadata only; not a prevalence, quality, or quantitative-evidence claim."
10.1016/j.vacuum.2021.110122,Lunar regolith - AlSi10Mg composite fabricated by selective laser melting,2021,Vacuum,Hailong Liao; Junjie Zhu; Shijie Chang; Gang Xue; Jingxi Pang; Haihong Zhu,journal-article,https://doi.org/10.1016/j.vacuum.2021.110122,VERIFIED_CROSSREF,Q01;Q05;Q06;Q10;Q14;Q15;parent_registry_v323,,"Legacy curated metadata; not a prevalence, quality, or quantitative-evidence claim."
10.1029/2020gl091681,Molecular Dynamics Simulations of Dielectric Breakdown of Lunar Regolith: Implications for Water Ice Formation on Lunar Surface,2021,Geophysical Research Letters,Ziyu Huang; Ken‐ichi Nomura; Aiichiro Nakano; Joseph Wang,journal-article,https://doi.org/10.1029/2020gl091681,VERIFIED_CROSSREF,Q01;Q02;Q04;Q06;Q08;Q12;Q13;Q15,lunar;regolith;solar,"Discovery metadata only; not a prevalence, quality, or quantitative-evidence claim."
10.1029/2020je006623,Reconciling the Infrared and Microwave Observations of the Lunar South Pole: A Study on Subsurface Temperature and Regolith Density,2021,Journal of Geophysical Research: Planets,Jianqing Feng; Matthew A. Siegler,journal-article,https://doi.org/10.1029/2020je006623,VERIFIED_CROSSREF,Q02;Q06;Q08,lunar;microwave;regolith,"Discovery metadata only; not a prevalence, quality, or quantitative-evidence claim."
10.1029/2021je006829,A Global Thermal Conductivity Model for Lunar Regolith at Low Temperatures,2021,Journal of Geophysical Research: Planets,A. Martinez; M. A. Siegler,journal-article,https://doi.org/10.1029/2021je006829,VERIFIED_CROSSREF,Q10,lunar;moon;regolith;solar,"Discovery metadata only; not a prevalence, quality, or quantitative-evidence claim."
10.1029/2021je006917,Rock Fragments in Shallow Lunar Regolith: Constraints by the Lunar Penetrating Radar Onboard the Chang'E‐4 Mission,2021,Journal of Geophysical Research: Planets,Chunyu Ding; Zhiyong Xiao; Bo Wu; Zhaojin Li; Yan Su; Bin Zhou,journal-article,https://doi.org/10.1029/2021je006917,VERIFIED_CROSSREF,Q06,lunar;melt;regolith,"Discovery metadata only; not a prevalence, quality, or quantitative-evidence claim."
10.1038/s41467-021-25818-7,Large impact cratering during lunar magma ocean solidification,2021,Nature Communications,K. Miljković; M. A. Wieczorek; M. Laneuville; A. Nemchin; P. A. Bland; M. T. Zuber,journal-article,https://doi.org/10.1038/s41467-021-25818-7,VERIFIED_CROSSREF,Q12,lunar;melt;moon,"Discovery metadata only; not a prevalence, quality, or quantitative-evidence claim."
10.1038/s41598-021-81317-1,Controlling soil disturbance of a lunar regolith simulant bed during depressurization in a vacuum chamber,2021,Scientific Reports,Gyu-Hyun Go; Jangguen Lee; Taeil Chung; Byung Hyun Ryu; Hyunwoo Jin; Li Zhuang,journal-article,https://doi.org/10.1038/s41598-021-81317-1,VERIFIED_CROSSREF,Q06;Q10,lunar;regolith;simulant,"Discovery metadata only; not a prevalence, quality, or quantitative-evidence claim."
10.1038/s41598-021-81691-w,Investigating the microwave heating behaviour of lunar soil simulant JSC-1A at different input powers,2021,Scientific Reports,Sungwoo Lim; James Bowen; Giulia Degli-Alessandrini; Mahesh Anand; Aidan Cowley; Vibha Levin Prabhu,journal-article,https://doi.org/10.1038/s41598-021-81691-w,VERIFIED_CROSSREF,Q09;parent_registry_v323,,"Legacy curated metadata; not a prevalence, quality, or quantitative-evidence claim."
10.1061/(asce)as.1943-5525.0001344,Effects of Ilmenite on the Properties of Microwave-Sintered Lunar Regolith Simulant,2021,Journal of Aerospace Engineering,Chuanjiao Zhou; Hong Tang; Xiongyao Li; Xiaojia Zeng; Wen Yu; Bing Mo,journal-article,https://doi.org/10.1061/(asce)as.1943-5525.0001344,VERIFIED_CROSSREF,Q02;Q03;Q10,lunar;microwave;regolith;simulant;sinter,"Discovery metadata only; not a prevalence, quality, or quantitative-evidence claim."
10.1063/5.0042589,Characterization of H2O transport through Johnson Space Center number 1A lunar regolith simulant at low pressure for <i>in-situ</i> resource utilization,2021,Physics of Fluids,Garrett L. Schieber; Brant M. Jones; Thomas M. Orlando; Peter G. Loutzenhiser,journal-article,https://doi.org/10.1063/5.0042589,VERIFIED_CROSSREF,Q10;Q12,lunar;moon;regolith;simulant,"Discovery metadata only; not a prevalence, quality, or quantitative-evidence claim."
10.1088/1742-6596/2103/1/012007,Reconstruction of solar activity based on<sup>14</sup>C and other isotope profiles in lunar regolith,2021,Journal of Physics: Conference Series,D Frolov; A Pavlov; V Ostryakov; A Konstantinov; G Vasilyev; I Kudryavtsev,journal-article,https://doi.org/10.1088/1742-6596/2103/1/012007,VERIFIED_CROSSREF,Q04,construction;lunar;moon;regolith;solar,"Discovery metadata only; not a prevalence, quality, or quantitative-evidence claim."
10.1134/s0038094621040043,On a Possible Process for the Formation of Iron Oxide in the Lunar Regolith,2021,Solar System Research,A. Yu. Dubinsky; S. I. Popel,journal-article,https://doi.org/10.1134/s0038094621040043,VERIFIED_CROSSREF,Q04,lunar;regolith;solar,"Discovery metadata only; not a prevalence, quality, or quantitative-evidence claim."
10.15406/aaoaj.2021.05.00126,Actinide concentration from lunar regolith via hydrocyclone density separation,2021,Aeronautics and Aerospace Open Access Journal,Peter J Schubert,journal-article,https://doi.org/10.15406/aaoaj.2021.05.00126,VERIFIED_CROSSREF,Q01;Q02;Q04;Q06;Q08;Q12;Q15,lunar;moon;regolith;simulant,"Discovery metadata only; not a prevalence, quality, or quantitative-evidence claim."
10.3390/app11093853,Utilisation of Moon Regolith for Radiation Protection and Thermal Insulation in Permanent Lunar Habitats,2021,Applied Sciences,Yulia Akisheva; Yves Gourinat,journal-article,https://doi.org/10.3390/app11093853,VERIFIED_CROSSREF,Q01;Q04;Q06;Q10;Q15;parent_registry_v323,,"Legacy curated metadata; not a prevalence, quality, or quantitative-evidence claim."
10.3390/ma14216472,Microwave Simulation Experiments on Regolith (Lunar Dust) Deposition on Stainless Steel,2021,Materials,Nina N. Skvortsova; Vladimir D. Stepakhin; Andrey A. Sorokin; Dmitry V. Malakhov; Namik G. Gusein-zade; Nailya S. Akhmadullina,journal-article,https://doi.org/10.3390/ma14216472,VERIFIED_CROSSREF,Q02,lunar;microwave;moon;regolith,"Discovery metadata only; not a prevalence, quality, or quantitative-evidence claim."
10.3390/mi12111404,Main Problems Using DEM Modeling to Evaluate the Loose Soil Collection by Conceptual Machine as a Background for Future Extraterrestrial Regolith Harvesting DEM Models,2021,Micromachines,Przemysław Młynarczyk; Damian Brewczyński,journal-article,https://doi.org/10.3390/mi12111404,VERIFIED_CROSSREF,Q15,printing;regolith,"Discovery metadata only; not a prevalence, quality, or quantitative-evidence claim."
10.1061/9780784483374.015,Assessment of the Geomechanical Properties of Lunar Simulant Soils,2021.0,Earth and Space 2021,T. Newson; A. Ahmed; D. Joshi,proceedings-article,https://doi.org/10.1061/9780784483374.015,VERIFIED_CROSSREF,parent_registry_v323,,"Legacy curated metadata; not a prevalence, quality, or quantitative-evidence claim."
10.1061/9780784483374.048,Integrated Sensing and Earthmoving Vehicle for Lunar Landing Pad Construction,2021.0,Earth and Space 2021,Volker Nannen; Damian Bover; Dieter Zöbel,proceedings-article,https://doi.org/10.1061/9780784483374.048,VERIFIED_CROSSREF,parent_registry_v323,,"Legacy curated metadata; not a prevalence, quality, or quantitative-evidence claim."
10.1061/9780784483374.090,Microwave Sintering of Lunar Regolith Simulant for Manufacturing Building Elements,2021.0,Earth and Space 2021,Young-Jae Kim; Byung-Hyun Ryu; Hyun Woo Jin,proceedings-article,https://doi.org/10.1061/9780784483374.090,VERIFIED_CROSSREF,parent_registry_v323,,"Legacy curated metadata; not a prevalence, quality, or quantitative-evidence claim."
10.1007/s10765-022-03023-y,Thermal Properties of the Mojave Mars Regolith Simulant in Mars-Like Atmospheric Conditions,2022,International Journal of Thermophysics,S. Nagihara; P. Ngo; M. Grott,journal-article,https://doi.org/10.1007/s10765-022-03023-y,VERIFIED_CROSSREF,Q10,regolith;simulant,"Discovery metadata only; not a prevalence, quality, or quantitative-evidence claim."
10.1007/s10765-022-03031-y,Determination of Thermal Effusivity of Lunar Regolith Simulant Particle Using Thermal Microscopy,2022,International Journal of Thermophysics,Rie Endo; Yuto Suganuma; Kazuki Endo; Tsuyoshi Nishi; Hiromichi Ohta; Sumitaka Tachikawa,journal-article,https://doi.org/10.1007/s10765-022-03031-y,VERIFIED_CROSSREF,Q09;Q10,lunar;regolith;simulant,"Discovery metadata only; not a prevalence, quality, or quantitative-evidence claim."
10.1007/s11465-021-0662-2,Development of lunar regolith composite and structure via laser-assisted sintering,2022,Frontiers of Mechanical Engineering,Hua Zhao; Lu Meng; Shaoying Li; Jihong Zhu; Shangqin Yuan; Weihong Zhang,journal-article,https://doi.org/10.1007/s11465-021-0662-2,VERIFIED_CROSSREF,Q01;Q02;Q03;Q04;Q05;Q07;Q14,composite;laser;lunar;regolith;sinter,"Discovery metadata only; not a prevalence, quality, or quantitative-evidence claim."
10.1007/s44223-022-00014-9,Robotic 3D printed lunar bionic architecture based on lunar regolith selective laser sintering technology,2022,Architectural Intelligence,Philip F. Yuan; Xinjie Zhou; Hao Wu; Liming Zhang; Lijie Guo; Yun Shi,journal-article,https://doi.org/10.1007/s44223-022-00014-9,VERIFIED_CROSSREF,Q01;Q02;Q04;Q05;Q06;Q07;Q08;Q12;Q15;parent_registry_v323,,"Legacy curated metadata; not a prevalence, quality, or quantitative-evidence claim."
10.1016/j.actaastro.2021.09.020,Indirect solar receiver development for the thermal extraction of H2O(v) from lunar regolith: Heat and mass transfer modeling,2022,Acta Astronautica,Garrett L. Schieber; Brant M. Jones; Thomas M. Orlando; Peter G. Loutzenhiser,journal-article,https://doi.org/10.1016/j.actaastro.2021.09.020,VERIFIED_CROSSREF,Q04,lunar;regolith;solar,"Discovery metadata only; not a prevalence, quality, or quantitative-evidence claim."
10.1016/j.actaastro.2021.11.009,Measurement and calibration of DEM parameters of lunar soil simulant,2022,Acta Astronautica,Jianzhong Zhu; Meng Zou; Yansong Liu; Kai Gao; Bo Su; Yingchun Qi,journal-article,https://doi.org/10.1016/j.actaastro.2021.11.009,VERIFIED_CROSSREF,Q09,lunar;simulant,"Discovery metadata only; not a prevalence, quality, or quantitative-evidence claim."
10.1016/j.actaastro.2021.12.055,Bioweathering improvement of lunar soil simulant improves the cultivated wheat's seedling length,2022,Acta Astronautica,Zhikai Yao; Jiajie Feng; Hong Liu,journal-article,https://doi.org/10.1016/j.actaastro.2021.12.055,VERIFIED_CROSSREF,Q09,lunar;simulant,"Discovery metadata only; not a prevalence, quality, or quantitative-evidence claim."
10.1016/j.actaastro.2022.07.003,Adhesion of lunar simulant dust to materials under simulated lunar environment conditions,2022,Acta Astronautica,Donald C. Barker; Andres Olivas; Ben Farr; Xu Wang; Charlie R. Buhler; Jeremy Wilson,journal-article,https://doi.org/10.1016/j.actaastro.2022.07.003,VERIFIED_CROSSREF,Q09,lunar;simulant,"Discovery metadata only; not a prevalence, quality, or quantitative-evidence claim."
10.1016/j.actaastro.2022.09.016,Spark plasma sintering and optical characterization of lunar regolith simulant,2022,Acta Astronautica,Roberta Licheri; Roberto Orrù; Elisa Sani; Aldo Dell’Oro; Giacomo Cao,journal-article,https://doi.org/10.1016/j.actaastro.2022.09.016,VERIFIED_CROSSREF,Q01;Q02;Q03;Q04;Q05;Q07;Q09;Q10;parent_registry_v323,,"Legacy curated metadata; not a prevalence, quality, or quantitative-evidence claim."
10.1016/j.addma.2022.103025,3D Printing of Damage‐tolerant Martian Regolith Simulant‐based Geopolymer Composites,2022,Additive Manufacturing,Siqi Ma; Shuai Fu; Qikun Wang; Lei Xu; Peigang He; Chengyue Sun,journal-article,https://doi.org/10.1016/j.addma.2022.103025,VERIFIED_CROSSREF,Q11,additive;composite;geopolymer;manufactur;printing;regolith;simulant,"Discovery metadata only; not a prevalence, quality, or quantitative-evidence claim."
10.1016/j.asr.2021.10.038,Challenges in the microwave heating of lunar regolith – Analysis through the design of a microwave heating Demonstrator (MHD) payload,2022,Advances in Space Research,Sungwoo Lim; Sam Reeve; Eneko Lekuona; Alberto Garbayo; Thomas Le Toux; Andrew Morse,journal-article,https://doi.org/10.1016/j.asr.2021.10.038,VERIFIED_CROSSREF,Q02,lunar;microwave;regolith,"Discovery metadata only; not a prevalence, quality, or quantitative-evidence claim."
10.1016/j.asr.2021.10.045,Comparison of lunar and Martian regolith simulant-based geopolymer cements formed by alkali-activation for in-situ resource utilization,2022,Advances in Space Research,Jennifer N. Mills; Maria Katzarova; Norman J. Wagner,journal-article,https://doi.org/10.1016/j.asr.2021.10.045,VERIFIED_CROSSREF,Q06;Q07;Q10;Q12,geopolymer;lunar;regolith;simulant,"Discovery metadata only; not a prevalence, quality, or quantitative-evidence claim."
10.1016/j.asr.2022.01.041,"Microstructure, thermophysical, and mechanical properties of bulk glass prepared from molten lunar regolith simulant",2022,Advances in Space Research,Wei Zheng; Guofu Qiao,journal-article,https://doi.org/10.1016/j.asr.2022.01.041,VERIFIED_CROSSREF,Q03;Q09;Q10;Q14,lunar;regolith;simulant,"Discovery metadata only; not a prevalence, quality, or quantitative-evidence claim."
10.1016/j.asr.2022.03.012,Materials characterization of various lunar regolith simulants for use in geopolymer lunar concrete,2022,Advances in Space Research,Peter J. Collins; Jennifer Edmunson; Michael Fiske; Aleksandra Radlińska,journal-article,https://doi.org/10.1016/j.asr.2022.03.012,VERIFIED_CROSSREF,Q01;Q02;Q04;Q06;Q07;Q08;Q12;Q13;Q15,geopolymer;lunar;regolith;simulant,"Discovery metadata only; not a prevalence, quality, or quantitative-evidence claim."
10.1016/j.asr.2022.05.015,Brazing of SiC ceramic with extraterrestrial regolith simulant in ISRU and ISRF applications,2022,Advances in Space Research,Wei Zheng; Guofu Qiao,journal-article,https://doi.org/10.1016/j.asr.2022.05.015,VERIFIED_CROSSREF,Q15,regolith;simulant,"Discovery metadata only; not a prevalence, quality, or quantitative-evidence claim."
10.1016/j.ceramint.2022.07.329,Effect of sintering temperature on microstructure and mechanical properties of molded Martian and Lunar regolith,2022,Ceramics International,Peter Warren; Nandhini Raju; Hossein Ebrahimi; Milos Krsmanovic; Seetha Raghavan; Jayanta Kapat,journal-article,https://doi.org/10.1016/j.ceramint.2022.07.329,VERIFIED_CROSSREF,Q01;Q02;Q03;Q04;Q05;Q06;Q07;Q14,lunar;regolith;sinter,"Discovery metadata only; not a prevalence, quality, or quantitative-evidence claim."
10.1016/j.ceramint.2022.08.060,The effect of particle size of highland and mare lunar regolith simulants on their printability in vat polymerisation additive manufacturing,2022,Ceramics International,Maxim Isachenkov; Svyatoslav Chugunov; Andrey Smirnov; Anastasia Kholodkova; Iskander Akhatov; Igor Shishkovsky,journal-article,https://doi.org/10.1016/j.ceramint.2022.08.060,VERIFIED_CROSSREF,Q11,additive;lunar;manufactur;regolith;simulant,"Discovery metadata only; not a prevalence, quality, or quantitative-evidence claim."
10.1016/j.cja.2020.06.014,Synthesis and characterization of geopolymer from lunar regolith simulant based on natural volcanic scoria,2022,Chinese Journal of Aeronautics,Siqi ZHOU; Xingyi ZHU; Chenghong LU; Feng LI,journal-article,https://doi.org/10.1016/j.cja.2020.06.014,VERIFIED_CROSSREF,Q06;Q07;Q09;Q10,geopolymer;lunar;regolith;simulant,"Discovery metadata only; not a prevalence, quality, or quantitative-evidence claim."
10.1016/j.clay.2022.106673,In-situ utilization of regolith resource and future exploration of additive manufacturing for lunar/martian habitats: A review,2022,Applied Clay Science,Yushen Wang; Liang Hao; Yan Li; Qinglei Sun; Mingxi Sun; Yuhong Huang,journal-article,https://doi.org/10.1016/j.clay.2022.106673,VERIFIED_CROSSREF,Q11;Q12,additive;lunar;manufactur;regolith,"Discovery metadata only; not a prevalence, quality, or quantitative-evidence claim."
10.1016/j.conbuildmat.2021.126033,Preparation of geopolymer based on lunar regolith simulant at in-situ lunar temperature and its durability under lunar high and cryogenic temperature,2022,Construction and Building Materials,Rongrong Zhang; Siqi Zhou; Feng Li,journal-article,https://doi.org/10.1016/j.conbuildmat.2021.126033,VERIFIED_CROSSREF,Q01;Q02;Q03;Q04;Q05;Q06;Q07;Q08;Q09;Q10;Q11;Q12;Q13;Q14;Q15;parent_registry_v323,,"Legacy curated metadata; not a prevalence, quality, or quantitative-evidence claim."
10.1016/j.conbuildmat.2022.126655,Sintering of HUST-1 lunar regolith simulant,2022,Construction and Building Materials,Wenbin Han; Lieyun Ding; Lixiong Cai; Junjie Zhu; Hanbin Luo; Tao Tang,journal-article,https://doi.org/10.1016/j.conbuildmat.2022.126655,VERIFIED_CROSSREF,Q01;Q02;Q03;Q04;Q05;Q07;Q08;Q09;Q10;Q11;Q12;Q13;Q14;Q15;parent_registry_v323,,"Legacy curated metadata; not a prevalence, quality, or quantitative-evidence claim."
10.1016/j.conbuildmat.2022.126679,The mechanical and structural properties of lunar regolith simulant based geopolymer under extreme temperature environment on the moon through experimental and simulation methods,2022,Construction and Building Materials,Guiyan Xiong; Xiaolu Guo; Shuting Yuan; Ming Xia; Zhihao Wang,journal-article,https://doi.org/10.1016/j.conbuildmat.2022.126679,VERIFIED_CROSSREF,Q03;Q04;Q05;Q06;Q07;Q08;Q10;Q11;Q12;Q13;Q14;Q15,construction;geopolymer;lunar;moon;regolith;simulant,"Discovery metadata only; not a prevalence, quality, or quantitative-evidence claim."
10.1016/j.conbuildmat.2022.128914,Martian and lunar sulfur concrete mechanical and chemical properties considering regolith ingredients and sublimation,2022,Construction and Building Materials,Mohammad Hossein Shahsavari; Mohammad Mehdi Karbala; Soha Iranfar; Veerle Vandeginste,journal-article,https://doi.org/10.1016/j.conbuildmat.2022.128914,VERIFIED_CROSSREF,Q04;Q05;Q08;Q11;Q12;Q13;Q14;Q15,construction;lunar;regolith,"Discovery metadata only; not a prevalence, quality, or quantitative-evidence claim."
10.1016/j.conbuildmat.2022.129191,Direct laser sintering for lunar dust control: An experimental study of the effect of simulant mineralogy and process parameters on product strength and scalability,2022,Construction and Building Materials,Kevin W. Farries; Phillip Visintin; Scott T. Smith,journal-article,https://doi.org/10.1016/j.conbuildmat.2022.129191,VERIFIED_CROSSREF,Q04;Q05;parent_registry_v323,,"Legacy curated metadata; not a prevalence, quality, or quantitative-evidence claim."
10.1016/j.epsl.2022.117632,Temperature programmed desorption comparison of lunar regolith to lunar regolith simulants LMS-1 and LHS-1,2022,Earth and Planetary Science Letters,Ashley R. Clendenen; Aleksandr Aleksandrov; Brant M. Jones; Peter G. Loutzenhiser; Daniel T. Britt; Thomas M. Orlando,journal-article,https://doi.org/10.1016/j.epsl.2022.117632,VERIFIED_CROSSREF,Q01;Q02;Q04;Q05;Q06;Q07;Q08;Q09;Q11;Q12;Q13;Q14;Q15,lunar;regolith;simulant,"Discovery metadata only; not a prevalence, quality, or quantitative-evidence claim."
10.1016/j.icarus.2021.114758,Do deep electrical discharges initiated by solar energetic particle events occur in the lunar regolith?,2022,Icarus,Bruce Hapke,journal-article,https://doi.org/10.1016/j.icarus.2021.114758,VERIFIED_CROSSREF,Q01;Q02;Q04;Q06;Q08;Q12;Q13;Q15,lunar;regolith;solar,"Discovery metadata only; not a prevalence, quality, or quantitative-evidence claim."
10.1016/j.ijmst.2021.09.003,Preparation and characterization of a specialized lunar regolith simulant for use in lunar low gravity simulation,2022,International Journal of Mining Science and Technology,Ruilin Li; Guoqing Zhou; Kang Yan; Jun Chen; Daqing Chen; Shangyue Cai,journal-article,https://doi.org/10.1016/j.ijmst.2021.09.003,VERIFIED_CROSSREF,Q09;Q10,lunar;regolith;simulant,"Discovery metadata only; not a prevalence, quality, or quantitative-evidence claim."
10.1016/j.matdes.2022.110878,Hybrid microwave sintering of a lunar soil simulant: Effects of processing parameters on microstructure characteristics and mechanical properties,2022,Materials &amp; Design,Shayan Gholami; Xiang Zhang; Young-Jae Kim; Yong-Rak Kim; Bai Cui; Hyu-Soung Shin,journal-article,https://doi.org/10.1016/j.matdes.2022.110878,VERIFIED_CROSSREF,Q03;parent_registry_v323,,"Legacy curated metadata; not a prevalence, quality, or quantitative-evidence claim."
10.1016/j.oceram.2021.100216,"Review of space resources processing for Mars missions: Martian simulants, regolith bonding concepts and additive manufacturing",2022,Open Ceramics,David Karl; Kevin M. Cannon; Aleksander Gurlo,journal-article,https://doi.org/10.1016/j.oceram.2021.100216,VERIFIED_CROSSREF,Q11,additive;manufactur;regolith;simulant,"Discovery metadata only; not a prevalence, quality, or quantitative-evidence claim."
10.1016/j.pss.2021.105414,In-situ resource utilization: ferrosilicon and SiC production from BP-1 lunar regolith simulant via carbothermal reduction,2022,Planetary and Space Science,Michail Samouhos; Petros Tsakiridis; Magued Iskander; Maria Taxiarchou; Konstantinos Betsis,journal-article,https://doi.org/10.1016/j.pss.2021.105414,VERIFIED_CROSSREF,Q10;Q12,lunar;regolith;simulant,"Discovery metadata only; not a prevalence, quality, or quantitative-evidence claim."
10.1016/j.pss.2022.105535,Measuring adhesion of microparticles in lunar regolith simulant BHLD1000 by centrifugal technique,2022,Planetary and Space Science,Hao Sun; Dong Li; Haiyang Gao; Yao Wu; Zhigang Shen; Zhaoyan Liu,journal-article,https://doi.org/10.1016/j.pss.2022.105535,VERIFIED_CROSSREF,Q10,lunar;regolith;simulant,"Discovery metadata only; not a prevalence, quality, or quantitative-evidence claim."
10.1016/j.pss.2022.105550,Thermal Mining of volatiles in lunar regolith simulant,2022,Planetary and Space Science,C. Purrington; G. Sowers; C. Dreyer,journal-article,https://doi.org/10.1016/j.pss.2022.105550,VERIFIED_CROSSREF,Q01;Q03;Q06;Q09;Q10;Q15,lunar;regolith;simulant,"Discovery metadata only; not a prevalence, quality, or quantitative-evidence claim."
10.1016/j.pss.2022.105561,A petrological and spectral characterisation of the NU-LHT-2M lunar highlands regolith simulant in preparation for the PROSPECT test campaign,2022,Planetary and Space Science,Dayl J.P. Martin; Kerri L. Donaldson Hanna; Katherine H. Joy; Jeffrey J. Gillis-Davis,journal-article,https://doi.org/10.1016/j.pss.2022.105561,VERIFIED_CROSSREF,Q09,lunar;regolith;simulant,"Discovery metadata only; not a prevalence, quality, or quantitative-evidence claim."
10.1016/j.pss.2022.105562,JLU-H: A novel lunar highland regolith simulant for use in large-scale engineering experiments,2022,Planetary and Space Science,Xumin Sun; Rui Zhang; Xiujuan Li; Meng Zou; Chu Wang; Lei Chen,journal-article,https://doi.org/10.1016/j.pss.2022.105562,VERIFIED_CROSSREF,Q10;Q12;parent_registry_v323,,"Legacy curated metadata; not a prevalence, quality, or quantitative-evidence claim."
10.1016/j.wear.2022.204461,Abrasive wear of PEEK and ATSP-based polymer composite coatings under lunar regolith conditions,2022,Wear,Kian Bashandeh; Pixiang Lan; Andreas A. Polycarpou,journal-article,https://doi.org/10.1016/j.wear.2022.204461,VERIFIED_CROSSREF,Q14,composite;lunar;regolith,"Discovery metadata only; not a prevalence, quality, or quantitative-evidence claim."
10.1038/s41598-022-20960-8,"LZS-1, Lanzarote (Canary Island, Spain) lunar (Apollo 14) basaltic soil simulant",2022,Scientific Reports,Fernando Alberquilla; Jesús Martínez-Frías; Valentín García-Baonza; Rosario Lunar,journal-article,https://doi.org/10.1038/s41598-022-20960-8,VERIFIED_CROSSREF,Q09,lunar;moon;simulant,"Discovery metadata only; not a prevalence, quality, or quantitative-evidence claim."
10.1051/0004-6361/202143015,Dielectric properties and stratigraphy of regolith in the lunar South Pole-Aitken basin: Observations from the Lunar Penetrating Radar,2022,Astronomy &amp; Astrophysics,Jianqing Feng; Matthew. A. Siegler; Mackenzie N. White,journal-article,https://doi.org/10.1051/0004-6361/202143015,VERIFIED_CROSSREF,Q01;Q02;Q04;Q06;Q08;Q12;Q14;Q15,lunar;microwave;moon;regolith,"Discovery metadata only; not a prevalence, quality, or quantitative-evidence claim."
10.1061/(asce)mt.1943-5533.0004025,Mechanical and Microstructural Characterization of Carbon Nanofiber–Reinforced Geopolymer Nanocomposite Based on Lunar Regolith Simulant,2022,Journal of Materials in Civil Engineering,Rongrong Zhang; Siqi Zhou; Feng Li; Yufeng Bi; Xingyi Zhu,journal-article,https://doi.org/10.1061/(asce)mt.1943-5533.0004025,VERIFIED_CROSSREF,Q03;Q06;Q07;Q10,composite;geopolymer;lunar;regolith;simulant,"Discovery metadata only; not a prevalence, quality, or quantitative-evidence claim."
10.1088/1757-899x/1240/1/012003,Liquid nitrogen removal of lunar regolith simulant from spacesuit simulants,2022,IOP Conference Series: Materials Science and Engineering,I Wells; J Bussey; N Swets; L Reising; C Butikofer; G Wallace,journal-article,https://doi.org/10.1088/1757-899x/1240/1/012003,VERIFIED_CROSSREF,Q10,lunar;moon;regolith;simulant,"Discovery metadata only; not a prevalence, quality, or quantitative-evidence claim."
10.1089/3dp.2020.0323,Two-Dimensional Laser Melting of Lunar Regolith Simulant Using the MOONRISE Payload on a Mobile Manipulator,2022,3D Printing and Additive Manufacturing,Stefan Linke; Anna Voß; Mathias Ernst; Patrick A. Taschner; Julian Baasch; Simon Stapperfend,journal-article,https://doi.org/10.1089/3dp.2020.0323,VERIFIED_CROSSREF,Q05;Q11,additive;laser;lunar;manufactur;melt;moon;printing;regolith;simulant,"Discovery metadata only; not a prevalence, quality, or quantitative-evidence claim."
10.1089/space.2021.0055,Lower Cost Lunar Bricks: Energetics of Melting and Sintering Lunar Regolith Simulants,2022,New Space,Alan Whittington; Anis Parsapoor,journal-article,https://doi.org/10.1089/space.2021.0055,VERIFIED_CROSSREF,Q01;Q02;Q03;Q04;Q05;Q06;Q07;Q08;Q11;Q12;Q13;Q14;Q15;parent_registry_v323,,"Legacy curated metadata; not a prevalence, quality, or quantitative-evidence claim."
10.1111/ijac.14136,Martian regolith—Ti6Al4V composites via additive manufacturing,2022,International Journal of Applied Ceramic Technology,Ali Afrouzian; Kellen D. Traxel; Amit Bandyopadhyay,journal-article,https://doi.org/10.1111/ijac.14136,VERIFIED_CROSSREF,Q11,additive;composite;laser;manufactur;regolith,"Discovery metadata only; not a prevalence, quality, or quantitative-evidence claim."
10.1139/cjce-2021-0098,Leveraging in situ resources for lunar base construction,2022,Canadian Journal of Civil Engineering,Alex Ellery,journal-article,https://doi.org/10.1139/cjce-2021-0098,VERIFIED_CROSSREF,Q12,construction;lunar;manufactur;moon,"Discovery metadata only; not a prevalence, quality, or quantitative-evidence claim."
10.2139/ssrn.4238422,Study on Strain Rate Effect and Damage Constitutive Model of Lunar Soil Simulant Geopolymer,2022,SSRN Electronic Journal,Hanyan Wang; Qinyong Ma; Qianyun Wu,journal-article,https://doi.org/10.2139/ssrn.4238422,VERIFIED_CROSSREF,Q09,geopolymer;lunar;simulant,"Discovery metadata only; not a prevalence, quality, or quantitative-evidence claim."
10.3390/buildings12040423,Electrical Resistivity and Strength Parameters of Prismatic Mortar Samples Based on Standardized Sand and Lunar Aggregate Simulant,2022,Buildings,Petr Lehner; Petr Konečný; Jacek Katzer,journal-article,https://doi.org/10.3390/buildings12040423,VERIFIED_CROSSREF,Q09,composite;lunar;moon;simulant,"Discovery metadata only; not a prevalence, quality, or quantitative-evidence claim."
10.3390/ma15134516,A Review on Geopolymer Technology for Lunar Base Construction,2022,Materials,Sujeong Lee; Arie van Riessen,journal-article,https://doi.org/10.3390/ma15134516,VERIFIED_CROSSREF,Q06,construction;geopolymer;lunar;moon;regolith;simulant,"Discovery metadata only; not a prevalence, quality, or quantitative-evidence claim."
10.3390/machines10070593,Preparation Method of Lunar Soil Simulant and Experimental Verification of the Performance of an Impact Penetrator for Lunar Soil Exploration,2022,Machines,He Li; Yuanbo Li; Minyu Wei; Yi Shen,journal-article,https://doi.org/10.3390/machines10070593,VERIFIED_CROSSREF,Q09,lunar;moon;simulant;solar,"Discovery metadata only; not a prevalence, quality, or quantitative-evidence claim."
10.1016/j.asr.2022.03.042,Analysis and prediction of uniaxial compressive strength of icy lunar regolith under extreme temperature,2022.0,Advances in Space Research,Junwei Liu; Weiwei Zhang; Ye Tian,journal-article,https://doi.org/10.1016/j.asr.2022.03.042,VERIFIED_CROSSREF,parent_registry_v323,,"Legacy curated metadata; not a prevalence, quality, or quantitative-evidence claim."
10.1109/aero53065.2022.9843755,The Design of Autonomous Robotic Technologies for Lunar Launch and Landing Pad (LLP) Preparation,2022.0,2022 IEEE Aerospace Conference (AERO),Jekan Thangavelautham; Yinan Xu,proceedings-article,https://doi.org/10.1109/aero53065.2022.9843755,VERIFIED_CROSSREF,parent_registry_v323,,"Legacy curated metadata; not a prevalence, quality, or quantitative-evidence claim."
10.26226/m.632b0aa3f30377bc3bafa1eb,Assessment of the Geomechanical Properties of Lunar Simulant Soils,2022.0,not_extracted,Tim Newson; A Ahmed; Deep Joshi,posted-content,https://doi.org/10.26226/m.632b0aa3f30377bc3bafa1eb,VERIFIED_CROSSREF,parent_registry_v323,,"Legacy curated metadata; not a prevalence, quality, or quantitative-evidence claim."
10.26226/m.632b0aa4f30377bc3bafa241,Integrated Earthmoving Vehicle for Lunar Landing Pad Construction,2022.0,not_extracted,Volker Nannen; Damian Bover; Dieter Zobel,posted-content,https://doi.org/10.26226/m.632b0aa4f30377bc3bafa241,VERIFIED_CROSSREF,parent_registry_v323,,"Legacy curated metadata; not a prevalence, quality, or quantitative-evidence claim."
10.31224/2577,StarCrete: a starch-based regolith biocomposite for extraterrestrial construction,2022.0,not_extracted,Aled Roberts; Nigel Scrutton,posted-content,https://doi.org/10.31224/2577,VERIFIED_CROSSREF,parent_registry_v323,,"Legacy curated metadata; not a prevalence, quality, or quantitative-evidence claim."
10.5194/egusphere-egu22-10988,Properties and provenance of the lunar regolith at Chang&amp;#8217;E-5 landing site: Constraints from remote sensing observations and ejecta deposition models,2022.0,not_extracted,Bojun Jia; Wenzhe Fa,posted-content,https://doi.org/10.5194/egusphere-egu22-10988,VERIFIED_CROSSREF,parent_registry_v323,,"Legacy curated metadata; not a prevalence, quality, or quantitative-evidence claim."
10.1007/s10035-023-01355-6,3D DEM analysis of the bearing behavior of lunar soil simulant under different loading plates,2023,Granular Matter,Banglu Xi; Mingjing Jiang; Pinqiang Mo; Xiaoxian Liu; Jiaqiang Yang,journal-article,https://doi.org/10.1007/s10035-023-01355-6,VERIFIED_CROSSREF,Q09,lunar;simulant,"Discovery metadata only; not a prevalence, quality, or quantitative-evidence claim."
10.1007/s11440-023-01971-9,Cone penetration resistance of CUMT-1 lunar regolith simulant under magnetic-similitude lunar gravity condition,2023,Acta Geotechnica,Ruilin Li; Jun Chen; Jiarui Zhang; Daqing Chen; Xiaodong Zhao; Pin-Qiang Mo,journal-article,https://doi.org/10.1007/s11440-023-01971-9,VERIFIED_CROSSREF,Q06;Q09;Q10;Q15,lunar;regolith;simulant,"Discovery metadata only; not a prevalence, quality, or quantitative-evidence claim."
10.1007/s11465-022-0745-8,Development of lunar regolith-based composite for in-situ 3D printing via high-pressure extrusion system,2023,Frontiers of Mechanical Engineering,Hua Zhao; Jihong Zhu; Shangqin Yuan; Shaoying Li; Weihong Zhang,journal-article,https://doi.org/10.1007/s11465-022-0745-8,VERIFIED_CROSSREF,Q12;Q14,composite;lunar;printing;regolith,"Discovery metadata only; not a prevalence, quality, or quantitative-evidence claim."
10.1007/s11709-023-0003-0,Printability and hardening performance of three-dimensionally-printed geopolymer based on lunar regolith simulant for automated construction of lunar infrastructure,2023,Frontiers of Structural and Civil Engineering,Feng Li; Rongrong Zhang; Siqi Zhou; Xingyi Zhu,journal-article,https://doi.org/10.1007/s11709-023-0003-0,VERIFIED_CROSSREF,Q04;Q05;Q06;Q07;Q08;Q09;Q10;Q11;Q12;Q13;Q14;Q15,additive;construction;geopolymer;lunar;moon;printing;regolith;simulant,"Discovery metadata only; not a prevalence, quality, or quantitative-evidence claim."
10.1016/j.actaastro.2022.11.004,Extreme low-temperature freezing process and characteristic curve of icy lunar regolith simulant,2023,Acta Astronautica,Junwei Liu; Weiwei Zhang; Jianglei Cui; Zhifeng Ren; Enliang Wang; Xiongyao Li,journal-article,https://doi.org/10.1016/j.actaastro.2022.11.004,VERIFIED_CROSSREF,Q10,lunar;regolith;simulant,"Discovery metadata only; not a prevalence, quality, or quantitative-evidence claim."
10.1016/j.actaastro.2023.03.001,Experimental and numerical study on the structural behavior of assembled interlocking lunar landing pad,2023,Acta Astronautica,Wenbin Han; Chongfeng Zhang; Jinqiao Sun; Cheng Zhou; Lieyun Ding,journal-article,https://doi.org/10.1016/j.actaastro.2023.03.001,VERIFIED_CROSSREF,Q08;Q13,landing pad;lunar,"Discovery metadata only; not a prevalence, quality, or quantitative-evidence claim."
10.1016/j.actaastro.2023.09.027,Water permeability of sunlit lunar highlands regolith using LHS-1 simulant,2023,Acta Astronautica,Yoshiki Tabuchi; Arata Kioka; Yasuhiro Yamada,journal-article,https://doi.org/10.1016/j.actaastro.2023.09.027,VERIFIED_CROSSREF,Q01;Q03;Q06;Q09;Q10;Q15;parent_registry_v323,,"Legacy curated metadata; not a prevalence, quality, or quantitative-evidence claim."
10.1016/j.addma.2023.103607,Additive manufacturing of high solid content lunar regolith simulant paste based on vat photopolymerization and the effect of water addition on paste retention properties,2023,Additive Manufacturing,Chuang Xiao; Ke Zheng; Shenggui Chen; Nan Li; Xin Shang; Feihong Wang,journal-article,https://doi.org/10.1016/j.addma.2023.103607,VERIFIED_CROSSREF,Q11,additive;lunar;manufactur;regolith;simulant,"Discovery metadata only; not a prevalence, quality, or quantitative-evidence claim."
10.1016/j.asr.2022.07.075,Technical evaluation of additive manufacturing technologies for in-situ fabrication with lunar regolith,2023,Advances in Space Research,Maxim Isachenkov; Igor Gorokh; Edgar Makarov; Dmitry Verkhoturov; Polina Khmelenko; Nicola Garzaniti,journal-article,https://doi.org/10.1016/j.asr.2022.07.075,VERIFIED_CROSSREF,Q11;Q12,additive;lunar;manufactur;regolith,"Discovery metadata only; not a prevalence, quality, or quantitative-evidence claim."
10.1016/j.asr.2023.02.034,Geomechanical properties of lunar regolith simulants LHS-1 and LMS-1,2023,Advances in Space Research,Jared M. Long-Fox; Zoe A. Landsman; Parks B. Easter; Catherine A. Millwater; Daniel T. Britt,journal-article,https://doi.org/10.1016/j.asr.2023.02.034,VERIFIED_CROSSREF,Q09;parent_registry_v323,,"Legacy curated metadata; not a prevalence, quality, or quantitative-evidence claim."
10.1016/j.asr.2023.09.032,A review on the preparation techniques and geotechnical behaviour of icy lunar regolith simulants,2023,Advances in Space Research,Daniel Ricardo; Jane Hodgkinson; M. Akbar Rhamdhani; Geoffrey Brooks,journal-article,https://doi.org/10.1016/j.asr.2023.09.032,VERIFIED_CROSSREF,Q12,lunar;regolith;simulant,"Discovery metadata only; not a prevalence, quality, or quantitative-evidence claim."
10.1016/j.cemconres.2023.107232,Influence of gravity on the micromechanical properties of portland cement and lunar regolith simulant composites,2023,Cement and Concrete Research,Peter J. Collins; Robert J. Thomas; Aleksandra Radlińska,journal-article,https://doi.org/10.1016/j.cemconres.2023.107232,VERIFIED_CROSSREF,Q03;Q09;Q10,composite;lunar;regolith;simulant,"Discovery metadata only; not a prevalence, quality, or quantitative-evidence claim."
10.1016/j.ceramint.2023.02.095,In-situ resource utilization of lunar highlands regolith via additive manufacturing using digital light processing,2023,Ceramics International,Brandon A. Aguiar; Ambreen Nisar; Tony Thomas; Cheng Zhang; Arvind Agarwal,journal-article,https://doi.org/10.1016/j.ceramint.2023.02.095,VERIFIED_CROSSREF,Q11;Q12,additive;lunar;manufactur;regolith,"Discovery metadata only; not a prevalence, quality, or quantitative-evidence claim."
10.1016/j.ceramint.2023.06.178,Characterization of volatiles evolved during vacuum sintering of lunar regolith simulants,2023,Ceramics International,Mihail P. Petkov; Gerald E. Voecks,journal-article,https://doi.org/10.1016/j.ceramint.2023.06.178,VERIFIED_CROSSREF,Q01;Q02;Q04;Q05;Q06;Q07;Q10,lunar;regolith;simulant;sinter,"Discovery metadata only; not a prevalence, quality, or quantitative-evidence claim."
10.1016/j.conbuildmat.2023.131560,Preparation and characterization of elevated and cryogenic temperature-resistant regolith-based epoxy resin composites,2023,Construction and Building Materials,Chengwei Bao; Yanen Wang; Ray Tahir Mushtaq; Xiaohu Chen; Zhisheng Liu; Xinpei Li,journal-article,https://doi.org/10.1016/j.conbuildmat.2023.131560,VERIFIED_CROSSREF,Q14,composite;construction;regolith,"Discovery metadata only; not a prevalence, quality, or quantitative-evidence claim."
10.1016/j.conbuildmat.2023.132051,Additive manufacturing by laser powder bed fusion and thermal post-treatment of the lunar-regolith-based glass-ceramics for in-situ resource utilization,2023,Construction and Building Materials,Rui Wang; Guofu Qiao; Guangping Song,journal-article,https://doi.org/10.1016/j.conbuildmat.2023.132051,VERIFIED_CROSSREF,Q04;Q05;Q08;Q11;Q12;Q13;Q14;Q15,additive;construction;laser;lunar;manufactur;regolith,"Discovery metadata only; not a prevalence, quality, or quantitative-evidence claim."
10.1016/j.energy.2022.126139,Performance analysis of a dish solar thermal power system with lunar regolith heat storage for continuous energy supply of lunar base,2023,Energy,Xueling Li; Renfu Li; Lin Hu; Shengjie Zhu; Yuanyuan Zhang; Xinguang Cui,journal-article,https://doi.org/10.1016/j.energy.2022.126139,VERIFIED_CROSSREF,Q01;Q02;Q04;Q06;Q15,lunar;regolith;solar,"Discovery metadata only; not a prevalence, quality, or quantitative-evidence claim."
10.1016/j.icarus.2022.115270,Cold sintering as a promising ISRU technique: A case study of Mars regolith simulant,2023,Icarus,Levent Karacasulu; David Karl; Aleksander Gurlo; Cekdar Vakifahmetoglu,journal-article,https://doi.org/10.1016/j.icarus.2022.115270,VERIFIED_CROSSREF,Q03;Q07,regolith;simulant;sinter,"Discovery metadata only; not a prevalence, quality, or quantitative-evidence claim."
10.1016/j.icarus.2023.115577,Outgassing behavior and heat treatment optimization of JSC-1A lunar regolith simulant,2023,Icarus,Ryan P. Wilkerson; Mihail P. Petkov; Gerald E. Voecks; Catherine S. Lynch; Holly S. Shulman; Santhoshkumar Sundaramoorthy,journal-article,https://doi.org/10.1016/j.icarus.2023.115577,VERIFIED_CROSSREF,Q10,lunar;regolith;simulant,"Discovery metadata only; not a prevalence, quality, or quantitative-evidence claim."
10.1016/j.icarus.2023.115725,Estimation of the mass fraction and distribution of ice in a lunar regolith simulant from seismic velocity,2023,Icarus,Takaaki Kunimasu; Kazuki Sawayama; Takeshi Tsuji,journal-article,https://doi.org/10.1016/j.icarus.2023.115725,VERIFIED_CROSSREF,Q03;Q09;Q10,lunar;regolith;simulant,"Discovery metadata only; not a prevalence, quality, or quantitative-evidence claim."
10.1016/j.isci.2023.106382,Matrix transformation of lunar regolith and its use as a feedstock for additive manufacturing,2023,iScience,Nicholas I. Cool; Saul Perez-Beltran; Jingxiang Cheng; Natalia Rivera-Gonzalez; Daniel Bronner; Anita,journal-article,https://doi.org/10.1016/j.isci.2023.106382,VERIFIED_CROSSREF,Q11,additive;lunar;manufactur;regolith,"Discovery metadata only; not a prevalence, quality, or quantitative-evidence claim."
10.1016/j.matchemphys.2023.127393,Optimized sintering strategy for lunar regolith simulant particles bound via vat photopolymerization,2023,Materials Chemistry and Physics,Chengyun Wang; Huaqiang Gong; Han Wu; Qingxin Jin; Wei Wei; Jiahua Liang,journal-article,https://doi.org/10.1016/j.matchemphys.2023.127393,VERIFIED_CROSSREF,Q01;Q02;Q03;Q04;Q05;Q07;Q10,lunar;regolith;simulant;sinter,"Discovery metadata only; not a prevalence, quality, or quantitative-evidence claim."
10.1016/j.powtec.2023.118621,3D shape analysis of lunar regolith simulants,2023,Powder Technology,Bo Peng; Rotana Hay; Kemal Celik,journal-article,https://doi.org/10.1016/j.powtec.2023.118621,VERIFIED_CROSSREF,Q01;Q02;Q04;Q06;Q08;Q11;Q12;Q13;Q15,lunar;regolith;simulant,"Discovery metadata only; not a prevalence, quality, or quantitative-evidence claim."
10.1016/j.pss.2022.105618,Terrestrial demonstrator for a low-temperature carbothermal reduction process on lunar regolith simulant: Design and AIV activities,2023,Planetary and Space Science,Jacopo Prinetto; Andrea Colagrossi; Alice Dottori; Ivan Troisi; Michèle Roberta Lavagna,journal-article,https://doi.org/10.1016/j.pss.2022.105618,VERIFIED_CROSSREF,Q06;Q10,lunar;regolith;simulant,"Discovery metadata only; not a prevalence, quality, or quantitative-evidence claim."
10.1016/j.pss.2022.105630,Shear properties of LHS-1 and LMS-1 Lunar regolith simulants,2023,Planetary and Space Science,Kexin Yin; Zhichao Cheng; Jiangxin Liu; An Chen,journal-article,https://doi.org/10.1016/j.pss.2022.105630,VERIFIED_CROSSREF,Q09;Q14,lunar;regolith;simulant,"Discovery metadata only; not a prevalence, quality, or quantitative-evidence claim."
10.1016/j.pss.2023.105710,Similarity assessment of lunar highland simulant (LSS-ISAC-1) for lunar habitation materials and structures,2023,Planetary and Space Science,T. Prabu; Kasinathan Muthukkumaran; I. Venugopal; S. Anbazhagan,journal-article,https://doi.org/10.1016/j.pss.2023.105710,VERIFIED_CROSSREF,Q09,lunar;simulant,"Discovery metadata only; not a prevalence, quality, or quantitative-evidence claim."
10.1029/2022je007675,"Pattern Analyses of Lunar Penetrating Radar Images at Chang'E‐3, 4, and 5 Landing Sites: A New Insight Into the Evolution of Lunar Regolith",2023,Journal of Geophysical Research: Planets,Sijing Liu; Landerlei Almeida Santos; Song Ning; Feng Zhou; Hai Liu; Xiangyun Hu,journal-article,https://doi.org/10.1029/2022je007675,VERIFIED_CROSSREF,Q08;Q13,construction;lunar;regolith,"Discovery metadata only; not a prevalence, quality, or quantitative-evidence claim."
10.1029/2022je007730,Extensive Lunar Surface Disturbance at the Chang'e‐5 Mission Landing Site: Implications for Future Lunar Base Design and Construction,2023,Journal of Geophysical Research: Planets,Le Qiao; Marcel Hess; Luyuan Xu; Christian Wöhler; James W. Head; Jian Chen,journal-article,https://doi.org/10.1029/2022je007730,VERIFIED_CROSSREF,Q08;Q13,construction;lunar;regolith,"Discovery metadata only; not a prevalence, quality, or quantitative-evidence claim."
10.1038/s41598-023-42008-1,Laser melting manufacturing of large elements of lunar regolith simulant for paving on the Moon,2023,Scientific Reports,Juan-Carlos Ginés-Palomares; Miranda Fateri; Eckehard Kalhöfer; Tim Schubert; Lena Meyer; Nico Kolsch,journal-article,https://doi.org/10.1038/s41598-023-42008-1,VERIFIED_CROSSREF,Q05,construction;landing pad;laser;lunar;manufactur;melt;moon;regolith;simulant;solar,"Discovery metadata only; not a prevalence, quality, or quantitative-evidence claim."
10.1038/s41598-023-50391-y,Material aspects of sintering of EAC-1A lunar regolith simulant,2023,Scientific Reports,Juan-Carlos Ginés-Palomares; Miranda Fateri; Tim Schubert; Lilou de Peindray d’Ambelle; Sebastian Simon; Gregor J. G. Gluth,journal-article,https://doi.org/10.1038/s41598-023-50391-y,VERIFIED_CROSSREF,verified_additional_seed,seed,"Discovery metadata only; not a prevalence, quality, or quantitative-evidence claim."
10.1038/s42003-023-05391-z,Phosphorus-solubilizing bacteria improve the growth of Nicotiana benthamiana on lunar regolith simulant by dissociating insoluble inorganic phosphorus,2023,Communications Biology,Yitong Xia; Yu Yuan; Chenxi Li; Zhencai Sun,journal-article,https://doi.org/10.1038/s42003-023-05391-z,VERIFIED_CROSSREF,Q09;Q10,lunar;regolith;simulant,"Discovery metadata only; not a prevalence, quality, or quantitative-evidence claim."
10.1061/(asce)as.1943-5525.0001507,Regolith-Based Polymer Matrix Composites for In Situ Material Creation for Long-Term Extraterrestrial Missions,2023,Journal of Aerospace Engineering,Christopher Matetich; Jessica Vold,journal-article,https://doi.org/10.1061/(asce)as.1943-5525.0001507,VERIFIED_CROSSREF,Q15,composite;regolith,"Discovery metadata only; not a prevalence, quality, or quantitative-evidence claim."
10.1089/space.2022.0015,The Cost of Lunar Landing Pads with a Trade Study of Construction Methods,2023,New Space,Philip T. Metzger; Greg W. Autry,journal-article,https://doi.org/10.1089/space.2022.0015,VERIFIED_CROSSREF,Q08;Q13;parent_registry_v323,,"Legacy curated metadata; not a prevalence, quality, or quantitative-evidence claim."
10.1109/lawp.2023.3307585,Circularly Polarized Lunar Regolith Simulant Antenna for Future Communication and Remote Sensing in Lunar Environment,2023,IEEE Antennas and Wireless Propagation Letters,Subuh Pramono; Josaphat Tetuko Sri Sumantyo; Muhammad Hamka Ibrahim; Ayaka Takahashi; Yuki Yoshimoto; Hisato Kashihara,journal-article,https://doi.org/10.1109/lawp.2023.3307585,VERIFIED_CROSSREF,Q09;Q10,lunar;regolith;simulant,"Discovery metadata only; not a prevalence, quality, or quantitative-evidence claim."
10.1134/s0010952523700302,A Lunar Printer Experiment on Laser Fusion of the Lunar Regolith in the Luna-Grunt Space Project,2023,Cosmic Research,T. M. Tomilina; A. A. Kim; D. I. Lisov; A. M. Lysenko,journal-article,https://doi.org/10.1134/s0010952523700302,VERIFIED_CROSSREF,Q01;Q05;Q06;Q15,laser;lunar;regolith,"Discovery metadata only; not a prevalence, quality, or quantitative-evidence claim."
10.1134/s0038094623010033,Contaminants in the Lunar Regolith,2023,Solar System Research,A. V. Mokhov; T. A. Gornostaeva; A. P. Rybchuk; P. M. Kartashov,journal-article,https://doi.org/10.1134/s0038094623010033,VERIFIED_CROSSREF,Q04,lunar;regolith;solar,"Discovery metadata only; not a prevalence, quality, or quantitative-evidence claim."
10.1134/s0038094623060060,Studies of Isotopic Fractionation of D/H Water Ice in Lunar Regolith,2023,Solar System Research,V. S. Sevastyanov; A. P. Krivenko; S. A. Voropaev; M. Ya. Marov,journal-article,https://doi.org/10.1134/s0038094623060060,VERIFIED_CROSSREF,Q04,lunar;moon;regolith;solar,"Discovery metadata only; not a prevalence, quality, or quantitative-evidence claim."
10.1186/s40623-022-01757-5,Laboratory measurements show temperature-dependent permittivity of lunar regolith simulants,2023,"Earth, Planets and Space",M. Kobayashi; H. Miyamoto; B. D. Pál; T. Niihara; T. Takemura,journal-article,https://doi.org/10.1186/s40623-022-01757-5,VERIFIED_CROSSREF,Q06,lunar;moon;regolith;simulant,"Discovery metadata only; not a prevalence, quality, or quantitative-evidence claim."
10.1360/sspma-2022-0303,Analyzing the microwave thermal emission features of lunar regolith in Chang&amp;rsquo;E landing sites and its geologic significance,2023,"SCIENTIA SINICA Physica, Mechanica &amp; Astronomica",ZhiGuo MENG; TianQi TANG; XueGang DONG; WenQing CHANG; Meng ZOU; HongBo ZHANG,journal-article,https://doi.org/10.1360/sspma-2022-0303,VERIFIED_CROSSREF,Q08;Q13,lunar;microwave;regolith,"Discovery metadata only; not a prevalence, quality, or quantitative-evidence claim."
10.1515/eng-2022-0390,StarCrete: A starch-based biocomposite for off-world construction,2023,Open Engineering,Aled D. Roberts; Nigel S. Scrutton,journal-article,https://doi.org/10.1515/eng-2022-0390,VERIFIED_CROSSREF,Q15;parent_registry_v323,,"Legacy curated metadata; not a prevalence, quality, or quantitative-evidence claim."
10.2139/ssrn.4354354,Towards Lunar In-Situ Resource Utilization and In-Space Manufacturing: Additive Manufacturing of Hydrogel-Based Lunar Regolith Pastes,2023,SSRN Electronic Journal,Md Habibor Rahman; Anna Hayes; Krishna Muralidharan; Douglas A. Loy; Mohammed Shafae,journal-article,https://doi.org/10.2139/ssrn.4354354,VERIFIED_CROSSREF,Q01;Q02;Q04;Q06;Q08;Q11;Q12;Q13;Q15,additive;lunar;manufactur;regolith,"Discovery metadata only; not a prevalence, quality, or quantitative-evidence claim."
10.2139/ssrn.4396553,Investigation of Heat Transfer Processes in Multi-Sized Solar-Sintered Regolith for Lunar ISRU Program,2023,SSRN Electronic Journal,Yuankun Zhang; Matthew Shaw; Geoffrey Brooks; Muhammad Akbar Rhamdhani; Chunsheng Guo; Zhuosheng Han,journal-article,https://doi.org/10.2139/ssrn.4396553,VERIFIED_CROSSREF,Q04,lunar;regolith;sinter;solar,"Discovery metadata only; not a prevalence, quality, or quantitative-evidence claim."
10.2478/arsa-2023-0023,Magnetic Separation of Lunar Regolith as its Beneficiation for Construction Effort on the Moon,2023,Artificial Satellites,Janusz Kobaka; Jacek Katzer; Karol Seweryn,journal-article,https://doi.org/10.2478/arsa-2023-0023,VERIFIED_CROSSREF,Q04;Q05;Q08;Q11;Q12;Q13;Q14;Q15,composite;construction;lunar;moon;regolith;simulant,"Discovery metadata only; not a prevalence, quality, or quantitative-evidence claim."
10.26599/jac.2023.9220700,3D-printed Lunar regolith simulant-based geopolymer composites with bio-inspired sandwich architectures,2023,Journal of Advanced Ceramics,Siqi Ma; Yuqi Jiang; Shuai Fu; Peigang He; Chengyue Sun; Xiaoming Duan,journal-article,https://doi.org/10.26599/jac.2023.9220700,VERIFIED_CROSSREF,Q06;Q07;Q10,composite;geopolymer;lunar;regolith;simulant,"Discovery metadata only; not a prevalence, quality, or quantitative-evidence claim."
10.26689/jera.v7i1.4916,Simulation Research on the Effect of Spreading Process Parameters on the Quality of Lunar Regolith Powder Bed in Additive Manufacturing,2023,Journal of Electronic Research and Application,Qi Tian; Bing Luo,journal-article,https://doi.org/10.26689/jera.v7i1.4916,VERIFIED_CROSSREF,Q11,additive;lunar;manufactur;moon;regolith,"Discovery metadata only; not a prevalence, quality, or quantitative-evidence claim."
10.31857/s0023420622600313,A Lunar Printer Experiment on Laser Fusion of the Lunar Regolith in the Luna-Grunt Space Project,2023,Космические исследования,T. M. Tomilina; A. A. Kim; D. I. Lisov; A. M. Lysenko,journal-article,https://doi.org/10.31857/s0023420622600313,VERIFIED_CROSSREF,Q01;Q02;Q04;Q05;Q06;Q08;Q12;Q15,additive;laser;lunar;melt;regolith,"Discovery metadata only; not a prevalence, quality, or quantitative-evidence claim."
10.3390/ma16175797,Characterization of Composite Freeze-Dried Aerogels with Simulant Lunar Regolith for Space Applications,2023,Materials,Laura Borella; Andrea Rozo; Claire Perfetti; Carlo Saverio Iorio,journal-article,https://doi.org/10.3390/ma16175797,VERIFIED_CROSSREF,Q03;Q09;Q10;Q14;Q15,composite;lunar;moon;regolith;simulant;solar,"Discovery metadata only; not a prevalence, quality, or quantitative-evidence claim."
10.3390/min13010079,Metal and Oxide Sublimation from Lunar Regolith: A Kinetics Study,2023,Minerals,Matthew Shaw; Matthew Humbert; Geoffrey Brooks; M. Rhamdhani; Alan Duffy; Mark Pownceby,journal-article,https://doi.org/10.3390/min13010079,VERIFIED_CROSSREF,Q08,lunar;melt;moon;regolith;simulant;sinter,"Discovery metadata only; not a prevalence, quality, or quantitative-evidence claim."
10.34759/tpt-2023-15-2-51-61,Lunar regolith sintering process simulation. Analysis of computational and experimental identification method of the heat transfer mathematical model,2023,Thermal processes in engineering,Kirill V. Kochnev; Aleksei V. Nenarokomov,journal-article,https://doi.org/10.34759/tpt-2023-15-2-51-61,VERIFIED_CROSSREF,Q01;Q02;Q04;Q05;Q07,lunar;regolith;sinter,"Discovery metadata only; not a prevalence, quality, or quantitative-evidence claim."
10.55003/cast.2023.06.23.008,Improving the Quality of Lunar Regolith Simulant Soil for Future Food Security,2023,Current Applied Science and Technology,Thitiwat Jirasirichot; Tatpong Tulyananda; Ponchanok Datmanee; Kotchakorn Kraikaew; Warisara Surattaseranee; Wares Chancharoen,journal-article,https://doi.org/10.55003/cast.2023.06.23.008,VERIFIED_CROSSREF,Q09;Q10,lunar;regolith;simulant,"Discovery metadata only; not a prevalence, quality, or quantitative-evidence claim."
10.61166/ikhsan.v1i2.38,Religion-Scientific Study of Solar Resting Phase and Solar-Lunar Finality,2023,AL-IKHSAN: Interdisciplinary Journal of Islamic Studies,Miah Muhammad Adel,journal-article,https://doi.org/10.61166/ikhsan.v1i2.38,VERIFIED_CROSSREF,Q04,lunar;moon;solar,"Discovery metadata only; not a prevalence, quality, or quantitative-evidence claim."
10.1007/978-3-319-09575-2_219-1,Potential for Lunar and Martian Regolith to Support Agriculture,2023.0,Handbook of Life Support Systems for Spacecraft and Extraterrestrial Habitats,Martin Braddock,book-chapter,https://doi.org/10.1007/978-3-319-09575-2_219-1,VERIFIED_CROSSREF,parent_registry_v323,,"Legacy curated metadata; not a prevalence, quality, or quantitative-evidence claim."
10.1061/9780784484470.007,Applicability of Simulants in Developing Lunar Systems and Infrastructure: Geotechnical Measurements of Lunar Highlands Simulant LHS-1,2023.0,Earth and Space 2022,Jared Long-Fox; Michael P. Lucas; Zoe Landsman,proceedings-article,https://doi.org/10.1061/9780784484470.007,VERIFIED_CROSSREF,parent_registry_v323,,"Legacy curated metadata; not a prevalence, quality, or quantitative-evidence claim."
10.1061/9780784484470.067,In Situ Lunar Launch and Landing Pad Construction with Regolith-Thermoset Polymer Composite Materials,2023.0,Earth and Space 2022,Nathan J. Gelino; Robert P. Mueller; Laurent Sibille,proceedings-article,https://doi.org/10.1061/9780784484470.067,VERIFIED_CROSSREF,parent_registry_v323,,"Legacy curated metadata; not a prevalence, quality, or quantitative-evidence claim."
10.1061/9780784484692.008,Characterization and Discrete Element Modeling of LHS-1 Lunar Highlands Simulant,2023.0,Geo-Congress 2023,Zakia Tasnim; Qiushi Chen; Jesus Badal,proceedings-article,https://doi.org/10.1061/9780784484692.008,VERIFIED_CROSSREF,parent_registry_v323,,"Legacy curated metadata; not a prevalence, quality, or quantitative-evidence claim."
10.2139/ssrn.4371120,Cold Sintering of Lunar Regolith Simulant: An Energy-Efficient and High-Reliable Strategy for Building Lunar Bases,2023.0,not_extracted,Zhen Liu; Jinping Li; Cheng Yang,posted-content,https://doi.org/10.2139/ssrn.4371120,VERIFIED_CROSSREF,parent_registry_v323,,"Legacy curated metadata; not a prevalence, quality, or quantitative-evidence claim."
10.2139/ssrn.4576840,Cold Sintering: A Promising in Situ Resource Utilisation Strategy to Densify Lunar Regolith Simulants for Construction Applications,2023.0,not_extracted,Zhen Liu; Jinping Li; Cheng Yang,posted-content,https://doi.org/10.2139/ssrn.4576840,VERIFIED_CROSSREF,parent_registry_v323,,"Legacy curated metadata; not a prevalence, quality, or quantitative-evidence claim."
10.2139/ssrn.4632647,Forming and Densification of Lunar Regolith Simulant Based on Laser Selective Melting,2023.0,not_extracted,Yiwei Liu; Xian Zhang; Chao Wang,posted-content,https://doi.org/10.2139/ssrn.4632647,VERIFIED_CROSSREF,parent_registry_v323,,"Legacy curated metadata; not a prevalence, quality, or quantitative-evidence claim."
10.1007/s10509-024-04383-7,Micro-Raman and FTIR spectroscopic characterization of the first Turkish lunar regolith simulant,2024,Astrophysics and Space Science,Ozan Unsalan; Y. Cengiz Toklu; Cisem Altunayar-Unsalan; Nurcan Calis Acikbas; Gokhan Acikbas; Ali Erdem Cercevik,journal-article,https://doi.org/10.1007/s10509-024-04383-7,VERIFIED_CROSSREF,Q10,lunar;regolith;simulant,"Discovery metadata only; not a prevalence, quality, or quantitative-evidence claim."
10.1007/s11431-023-2675-0,Laser welding study of vacuum sintered HUST-1 lunar regolith simulant,2024,Science China Technological Sciences,WenBin Han; LieYun Ding; Cheng Zhou; Yan Zhou; Fen Dang,journal-article,https://doi.org/10.1007/s11431-023-2675-0,VERIFIED_CROSSREF,Q05;Q06;Q08;Q09;Q10,laser;lunar;regolith;simulant;sinter,"Discovery metadata only; not a prevalence, quality, or quantitative-evidence claim."
10.1007/s40964-023-00537-1,Regolith sintering and 3D printing for lunar construction: An extensive review on recent progress,2024,Progress in Additive Manufacturing,Muhammad Shazwan Suhaizan; Phuong Tran; Ash Exner; Brian G. Falzon,journal-article,https://doi.org/10.1007/s40964-023-00537-1,VERIFIED_CROSSREF,Q01;Q02;Q04;Q05;Q07;Q08;Q11;Q12;Q13;Q14;Q15;parent_registry_v323,,"Legacy curated metadata; not a prevalence, quality, or quantitative-evidence claim."
10.1016/j.actaastro.2023.11.013,Fiber-reinforced lunar geopolymers synthesized using lunar regolith simulants,2024,Acta Astronautica,Solomon Debbarma; Xijun Shi; Anthony Torres; Mehrab Nodehi,journal-article,https://doi.org/10.1016/j.actaastro.2023.11.013,VERIFIED_CROSSREF,Q01;Q02;Q04;Q05;Q06;Q07;Q08;Q11;Q12;Q13;Q14;Q15;parent_registry_v323,,"Legacy curated metadata; not a prevalence, quality, or quantitative-evidence claim."
10.1016/j.actaastro.2023.12.028,Porosity and compressive strength of test samples produced by SLM using rock gabbro-diabase based powder as a lunar regolith simulant,2024,Acta Astronautica,Tatiana Tomilina; Andrei Kim; Denis Lisov; Artem Lysenko,journal-article,https://doi.org/10.1016/j.actaastro.2023.12.028,VERIFIED_CROSSREF,Q01;Q02;Q06;Q07;Q10;parent_registry_v323,,"Legacy curated metadata; not a prevalence, quality, or quantitative-evidence claim."
10.1016/j.actaastro.2024.02.026,Preliminary study on localized microwave sintering of lunar regolith,2024,Acta Astronautica,Andrea Gatto; Silvio Defanti; Elena Bassoli; Alessio Mattioni; Umberto Martini; Gabriele Incerti,journal-article,https://doi.org/10.1016/j.actaastro.2024.02.026,VERIFIED_CROSSREF,Q01;Q02;Q04;Q05;Q07;Q08;parent_registry_v323,,"Legacy curated metadata; not a prevalence, quality, or quantitative-evidence claim."
10.1016/j.actaastro.2024.03.034,DEM analysis of the dynamic characteristics of QH-E lunar soil simulant under cyclic triaxial tests,2024,Acta Astronautica,Yun-Li Li; Zhen-Rui Yang; Wen-Ping Wu,journal-article,https://doi.org/10.1016/j.actaastro.2024.03.034,VERIFIED_CROSSREF,Q09,lunar;simulant,"Discovery metadata only; not a prevalence, quality, or quantitative-evidence claim."
10.1016/j.actaastro.2024.05.001,Cocopeat supplementation negates lunar soil simulant-induced baneful phenotypic and biochemical changes in crop seedlings,2024,Acta Astronautica,Ravikumar Hosamani; Basavalingayya K. Swamy; Malarvizhi Sathasivam; Ajwal Dsouza; Mahamed Ashiq I,journal-article,https://doi.org/10.1016/j.actaastro.2024.05.001,VERIFIED_CROSSREF,Q09,lunar;simulant,"Discovery metadata only; not a prevalence, quality, or quantitative-evidence claim."
10.1016/j.actaastro.2024.05.031,"Lunar highlands simulant — Geotechnical characterization, 3D discrete element modeling, and cone penetration simulations",2024,Acta Astronautica,Quan Sun; Lei Wang; Liang Zhang; Jesus Badal; Qiushi Chen,journal-article,https://doi.org/10.1016/j.actaastro.2024.05.031,VERIFIED_CROSSREF,Q09,lunar;simulant,"Discovery metadata only; not a prevalence, quality, or quantitative-evidence claim."
10.1016/j.actaastro.2024.07.025,Assessing black soldier fly pupation and survival in lunar regolith simulant: Implications for sustainable controlled habitats on the Moon,2024,Acta Astronautica,Donato Romano; Adriano Di Giovanni; Cesare Stefanini,journal-article,https://doi.org/10.1016/j.actaastro.2024.07.025,VERIFIED_CROSSREF,Q09;Q10,lunar;moon;regolith;simulant,"Discovery metadata only; not a prevalence, quality, or quantitative-evidence claim."
10.1016/j.actaastro.2024.08.009,Oxygen production by solar vapor-phase pyrolysis of lunar regolith simulant,2024,Acta Astronautica,Rok Šeško; Kim Lamboley; Thierry Cutard; Laura Grill; Philipp Reiss; Aidan Cowley,journal-article,https://doi.org/10.1016/j.actaastro.2024.08.009,VERIFIED_CROSSREF,Q04;Q09;Q10,lunar;regolith;simulant;solar,"Discovery metadata only; not a prevalence, quality, or quantitative-evidence claim."
10.1016/j.actaastro.2024.08.010,A moderate-Ti lunar mare soil simulant: IGG-01,2024,Acta Astronautica,Renhao Ruan; Wei Yang; Di Zhang; Heng-Ci Tian; Qi Zhao; Yuan Zou,journal-article,https://doi.org/10.1016/j.actaastro.2024.08.010,VERIFIED_CROSSREF,Q09,lunar;simulant,"Discovery metadata only; not a prevalence, quality, or quantitative-evidence claim."
10.1016/j.actaastro.2024.09.016,Raman characterization of lunar highlands simulants for in-situ resource utilization in a lunar setting,2024,Acta Astronautica,Eric Z. Tucker; M. Nurul Abedin; Russell A. Wincheski; Douglas Rickman,journal-article,https://doi.org/10.1016/j.actaastro.2024.09.016,VERIFIED_CROSSREF,Q09,lunar;simulant,"Discovery metadata only; not a prevalence, quality, or quantitative-evidence claim."
10.1016/j.apmt.2024.102145,Sintering kinetics and microstructure development of synthetic lunar highlands and mare regolith,2024,Applied Materials Today,Joseph Wang; Wyatt Huntsinger; Jonathan Lapeyre; Parker Schofield; George Agbeworvi; Sarbajit Banerjee,journal-article,https://doi.org/10.1016/j.apmt.2024.102145,VERIFIED_CROSSREF,Q01;Q02;Q04;Q05;Q07,lunar;regolith;sinter,"Discovery metadata only; not a prevalence, quality, or quantitative-evidence claim."
10.1016/j.apmt.2024.102456,In-situ additive manufacturing with lunar regolith for lunar base construction: A review,2024,Applied Materials Today,Chengwei Bao; Yanen Wang; Garth Pearce; Ray Tahir Mushtaq; Minyan Liu; Pan Zhao,journal-article,https://doi.org/10.1016/j.apmt.2024.102456,VERIFIED_CROSSREF,Q01;Q02;Q04;Q05;Q06;Q08;Q11;Q12;Q13;Q14;Q15;parent_registry_v323,,"Legacy curated metadata; not a prevalence, quality, or quantitative-evidence claim."
10.1016/j.asr.2023.08.029,Np-Fe0 addition affects the microstructure and composition of the microwave-sintered lunar soil simulant CLRS-2,2024,Advances in Space Research,Tian Zhang; Hong Tang; Xiongyao Li; Chuanjiao Zhou; Wen Yu; Bing Mo,journal-article,https://doi.org/10.1016/j.asr.2023.08.029,VERIFIED_CROSSREF,Q09,lunar;microwave;simulant;sinter,"Discovery metadata only; not a prevalence, quality, or quantitative-evidence claim."
10.1016/j.asr.2023.11.027,Spark plasma sintering of HUST-1 lunar regolith simulant and its thermal shock resistance properties,2024,Advances in Space Research,Wenbin Han; Yan Zhou; Fen Dang; Cheng Zhou; Lieyun Ding,journal-article,https://doi.org/10.1016/j.asr.2023.11.027,VERIFIED_CROSSREF,Q01;Q02;Q03;Q04;Q05;Q07;Q10;parent_registry_v323,,"Legacy curated metadata; not a prevalence, quality, or quantitative-evidence claim."
10.1016/j.asr.2023.11.030,Composition-property relationships of BP-1 lunar regolith simulant geopolymers for in-situ resource utilization,2024,Advances in Space Research,Thaddeus M. Egnaczyk; William H. Hartt V; Jennifer N. Mills; Norman J. Wagner,journal-article,https://doi.org/10.1016/j.asr.2023.11.030,VERIFIED_CROSSREF,Q09;Q10;Q12,geopolymer;lunar;regolith;simulant,"Discovery metadata only; not a prevalence, quality, or quantitative-evidence claim."
10.1016/j.asr.2024.01.014,Development of icy regolith simulant for lunar permanently shadowed regions,2024,Advances in Space Research,Kārlis Šļumba; Hannah M. Sargeant; Daniel T. Britt,journal-article,https://doi.org/10.1016/j.asr.2024.01.014,VERIFIED_CROSSREF,Q09;Q10,lunar;regolith;simulant,"Discovery metadata only; not a prevalence, quality, or quantitative-evidence claim."
10.1016/j.asr.2024.01.025,Thermodynamic and experimental study on carbothermal reduction of JSC-1A lunar regolith simulant for metal and metalloid production,2024,Advances in Space Research,Shaspreet Kaur; Alexandr B. Aleksandrov; W. Jud Ready; Thomas M. Orlando; Peter G. Loutzenhiser,journal-article,https://doi.org/10.1016/j.asr.2024.01.025,VERIFIED_CROSSREF,Q10,lunar;regolith;simulant,"Discovery metadata only; not a prevalence, quality, or quantitative-evidence claim."
10.1016/j.asr.2024.05.024,Liquid State Sintering enhances Consolidation in Basalt-rich Lunar Regolith,2024,Advances in Space Research,Nitin Gupta; Vineet Dawara; Aloke Kumar; Koushik Viswanathan,journal-article,https://doi.org/10.1016/j.asr.2024.05.024,VERIFIED_CROSSREF,Q01;Q02;Q04;Q05;Q07,lunar;regolith;sinter,"Discovery metadata only; not a prevalence, quality, or quantitative-evidence claim."
10.1016/j.asr.2024.06.042,The effect of particle size distribution on lunar regolith simulant angle of repose,2024,Advances in Space Research,Parks Easter; Jared Long-Fox; Daniel Britt; Julie Brisset,journal-article,https://doi.org/10.1016/j.asr.2024.06.042,VERIFIED_CROSSREF,Q09;Q10,lunar;regolith;simulant,"Discovery metadata only; not a prevalence, quality, or quantitative-evidence claim."
10.1016/j.asr.2024.06.045,Synthetic space bricks from lunar and Martian regolith via sintering,2024,Advances in Space Research,Nitin Gupta; Vineet Dawara; Aloke Kumar; Koushik Viswanathan,journal-article,https://doi.org/10.1016/j.asr.2024.06.045,VERIFIED_CROSSREF,Q01;Q02;Q04;Q05;Q07,lunar;regolith;sinter,"Discovery metadata only; not a prevalence, quality, or quantitative-evidence claim."
10.1016/j.asr.2024.07.006,A review on design and construction of the lunar launch/landing infrastructure,2024,Advances in Space Research,Xinyi Li; Yuyue Gao; Yan Zhou; Wenbin Han; Cheng Zhou,journal-article,https://doi.org/10.1016/j.asr.2024.07.006,VERIFIED_CROSSREF,Q08;Q13,construction;lunar,"Discovery metadata only; not a prevalence, quality, or quantitative-evidence claim."
10.1016/j.asr.2024.08.070,Corrigendum to “Np-Fe0 addition affects the microstructure and composition of the microwave-sintered lunar soil simulant CLRS-2” [Adv. Space Res. 73(1) (2024) 945–957],2024,Advances in Space Research,Tian Zhang; Hong Tang; Xiongyao Li; Chuanjiao Zhou; Wen Yu; Bing Mo,journal-article,https://doi.org/10.1016/j.asr.2024.08.070,VERIFIED_CROSSREF,Q09,lunar;microwave;simulant;sinter,"Discovery metadata only; not a prevalence, quality, or quantitative-evidence claim."
10.1016/j.autcon.2024.105571,3D printed sulfur-regolith concrete performance evaluation for waterless extraterrestrial robotic construction,2024,Automation in Construction,Ilerioluwa Giwa; Mary Dempsey; Michael Fiske; Ali Kazemian,journal-article,https://doi.org/10.1016/j.autcon.2024.105571,VERIFIED_CROSSREF,Q15,construction;regolith,"Discovery metadata only; not a prevalence, quality, or quantitative-evidence claim."
10.1016/j.autcon.2024.105617,Performance analysis of a bucket drum for lunar regolith collection in lunar base construction,2024,Automation in Construction,Haoran Li; Yuyue Gao; Yan Zhou; Cheng Zhou,journal-article,https://doi.org/10.1016/j.autcon.2024.105617,VERIFIED_CROSSREF,Q01;Q02;Q04;Q05;Q06;Q08;Q11;Q12;Q13;Q14;Q15,construction;lunar;regolith,"Discovery metadata only; not a prevalence, quality, or quantitative-evidence claim."
10.1016/j.ceramint.2024.06.034,Optimizing lunar regolith for vat polymerization and sintering: pre-processing &amp; mineral composition impact,2024,Ceramics International,Maxim Isachenkov; Antonio Mattia Grande; Giuseppe Sala,journal-article,https://doi.org/10.1016/j.ceramint.2024.06.034,VERIFIED_CROSSREF,Q01;Q02;Q04;Q05;Q07;parent_registry_v323,,"Legacy curated metadata; not a prevalence, quality, or quantitative-evidence claim."
10.1016/j.conbuildmat.2024.136010,Ultraviolet and thermal dual-curing assisted extrusion-based additive manufacturing of lunar regolith simulant for in-site construction on the Moon,2024,Construction and Building Materials,Qianshun Cui; Tongcai Wang; Guangshuai Gu; Rihan Zhang; Tingting Zhao; Zhifeng Huang,journal-article,https://doi.org/10.1016/j.conbuildmat.2024.136010,VERIFIED_CROSSREF,Q04;Q05;Q08;Q10;Q11;Q12;Q13;Q14;Q15,additive;construction;lunar;manufactur;moon;regolith;simulant,"Discovery metadata only; not a prevalence, quality, or quantitative-evidence claim."
10.1016/j.conbuildmat.2024.136537,Single track deposition of lunar regolith without substrate based on millimeter-sized spot,2024,Construction and Building Materials,Tianrun Shen; Hui Zhang; Chao Wang; Xian Zhang; Wei Yao; Xiaojun Quan,journal-article,https://doi.org/10.1016/j.conbuildmat.2024.136537,VERIFIED_CROSSREF,Q04;Q05;Q08;Q11;Q12;Q13;Q14;Q15,construction;lunar;regolith,"Discovery metadata only; not a prevalence, quality, or quantitative-evidence claim."
10.1016/j.conbuildmat.2024.136599,Temperature-dependent dielectric properties of the Korean lunar simulant and ilmenite: Lunar microwave processing potential,2024,Construction and Building Materials,Young-Jae Kim; Hyunwoo Jin; Jangguen Lee; Byung-Hyun Ryu; Hyu-Soung Shin,journal-article,https://doi.org/10.1016/j.conbuildmat.2024.136599,VERIFIED_CROSSREF,Q09,construction;lunar;microwave;simulant,"Discovery metadata only; not a prevalence, quality, or quantitative-evidence claim."
10.1016/j.conbuildmat.2024.136833,Pioneering lunar habitats through comparative analysis of in-situ concrete technologies: A critical review,2024,Construction and Building Materials,Zheng Chen; Lixin Zhang; Yunchao Tang; Ben Chen,journal-article,https://doi.org/10.1016/j.conbuildmat.2024.136833,VERIFIED_CROSSREF,Q12,construction;lunar,"Discovery metadata only; not a prevalence, quality, or quantitative-evidence claim."
10.1016/j.conbuildmat.2024.137343,Vacuum sintering of the self-developed Chang’E-5 lunar regolith simulant,2024,Construction and Building Materials,Mengzhao Ding; Xueying Chen; Yunpeng Li; Letong Song; Yanjie Shi; Lida Luo,journal-article,https://doi.org/10.1016/j.conbuildmat.2024.137343,VERIFIED_CROSSREF,Q01;Q02;Q03;Q04;Q05;Q06;Q07;Q08;Q09;Q10;Q11;Q12;Q13;Q14;Q15;parent_registry_v323,,"Legacy curated metadata; not a prevalence, quality, or quantitative-evidence claim."
10.1016/j.conbuildmat.2024.137395,"Iron-enhanced simulated lunar regolith sintered blocks: Preparation, sintering and mechanical properties",2024,Construction and Building Materials,Fucheng Wan; Yang Zuo; Yu Pan; Aihua Yu; Junfeng Qi; Xin Lu,journal-article,https://doi.org/10.1016/j.conbuildmat.2024.137395,VERIFIED_CROSSREF,Q01;Q02;Q03;Q04;Q05;Q07;Q08;Q11;Q12;Q13;Q14;Q15;parent_registry_v323,,"Legacy curated metadata; not a prevalence, quality, or quantitative-evidence claim."
10.1016/j.conbuildmat.2024.137553,Additive manufacturing development of construction materials for a lunar base via spark plasma sintering of volcanic rocks using in-situ resource utilization concept,2024,Construction and Building Materials,Oleg Shichalin; Anton Belov; Igor Buravlev; Erhan Kolodeznikov; Alexander Fedorets; Alexey Lembikov,journal-article,https://doi.org/10.1016/j.conbuildmat.2024.137553,VERIFIED_CROSSREF,Q11,additive;construction;lunar;manufactur;sinter;spark plasma,"Discovery metadata only; not a prevalence, quality, or quantitative-evidence claim."
10.1016/j.conbuildmat.2024.138517,Silicate-lunar regolith composite: A vacuum self-hardened and comprehensively durable extraterrestrial construction material,2024,Construction and Building Materials,Zifan Geng; Lizhi Zhang; Zhiwen Wu; Jiale Huang; Xiangyu Wang; Ming Jen Tan,journal-article,https://doi.org/10.1016/j.conbuildmat.2024.138517,VERIFIED_CROSSREF,Q04;Q05;Q06;Q08;Q11;Q12;Q13;Q14;Q15;parent_registry_v323,,"Legacy curated metadata; not a prevalence, quality, or quantitative-evidence claim."
10.1016/j.conbuildmat.2024.138557,Determinants of lunar geopolymer synthesis based on experimental and statistical analysis: Towards lunar regolith's diversity,2024,Construction and Building Materials,Zhiwen Wu; Zifan Geng; Hao Pan; Lizhi Zhang; Wei She,journal-article,https://doi.org/10.1016/j.conbuildmat.2024.138557,VERIFIED_CROSSREF,Q06,construction;geopolymer;lunar;regolith,"Discovery metadata only; not a prevalence, quality, or quantitative-evidence claim."
10.1016/j.conbuildmat.2024.138707,Innovative development of geopolymer-based lunar high strength concrete for sustainable extra-terrestrial construction using large-scale regolith simulants,2024,Construction and Building Materials,Ruizhe Shao; Chengqing Wu; Jun Li,journal-article,https://doi.org/10.1016/j.conbuildmat.2024.138707,VERIFIED_CROSSREF,Q01;Q02;Q04;Q05;Q06;Q07;Q08;Q11;Q12;Q13;Q14;Q15;parent_registry_v323,,"Legacy curated metadata; not a prevalence, quality, or quantitative-evidence claim."
10.1016/j.conbuildmat.2024.138845,Basalt fiber reinforcement mechanism for geopolymer exposed to lunar temperature environment,2024,Construction and Building Materials,Yuxin Li; Pengzhi Pan; Shuting Miao; Yujie Feng,journal-article,https://doi.org/10.1016/j.conbuildmat.2024.138845,VERIFIED_CROSSREF,Q06,construction;geopolymer;lunar,"Discovery metadata only; not a prevalence, quality, or quantitative-evidence claim."
10.1016/j.conbuildmat.2024.139132,Rapid formation of high-performance lunar regolith composite via combined mold pressing and thermocuring processing with low content of resin-based additives,2024,Construction and Building Materials,Rihan Zhang; Tongcai Wang; Tingting Zhao; Gong Wang,journal-article,https://doi.org/10.1016/j.conbuildmat.2024.139132,VERIFIED_CROSSREF,Q04;Q05;Q08;Q11;Q12;Q13;Q14;Q15;parent_registry_v323,,"Legacy curated metadata; not a prevalence, quality, or quantitative-evidence claim."
10.1016/j.cscm.2024.e03273,Preparation and evaluation of GCD-1 lunar regolith simulant based geopolymer activated by solid sodium silicate,2024,Case Studies in Construction Materials,Shuo Li; Zihan Zhou; Guo Hu; Jun Wu,journal-article,https://doi.org/10.1016/j.cscm.2024.e03273,VERIFIED_CROSSREF,Q04;Q05;Q06;Q07;Q08;Q09;Q10;Q11;Q12;Q13;Q14;Q15;parent_registry_v323,,"Legacy curated metadata; not a prevalence, quality, or quantitative-evidence claim."
10.1016/j.cscm.2024.e03680,Study on the performance mechanism of alumina-alkali activator synergistic solidified lunar soil simulant,2024,Case Studies in Construction Materials,Qinyong Ma; Bobo Zhang,journal-article,https://doi.org/10.1016/j.cscm.2024.e03680,VERIFIED_CROSSREF,Q09,construction;lunar;simulant,"Discovery metadata only; not a prevalence, quality, or quantitative-evidence claim."
10.1016/j.cscm.2024.e03704,Constitutive model analysis of Chang'e-5 simulated lunar regolith solidified bodies under compression,2024,Case Studies in Construction Materials,Guihong Xu; Yang Li; Ronghua Pang; Ziwei Chen; Xu Ren,journal-article,https://doi.org/10.1016/j.cscm.2024.e03704,VERIFIED_CROSSREF,Q04;Q05;Q08;Q11;Q12;Q13;Q14;Q15,construction;lunar;regolith,"Discovery metadata only; not a prevalence, quality, or quantitative-evidence claim."
10.1016/j.eng.2023.11.019,Properties and Characteristics of Regolith-Based Materials for Extraterrestrial Construction,2024,Engineering,Cheng Zhou; Yuyue Gao; Yan Zhou; Wei She; Yusheng Shi; Lieyun Ding,journal-article,https://doi.org/10.1016/j.eng.2023.11.019,VERIFIED_CROSSREF,Q15;parent_registry_v323,,"Legacy curated metadata; not a prevalence, quality, or quantitative-evidence claim."
10.1016/j.eng.2024.03.004,Lunar In Situ Large-Scale Construction: Quantitative Evaluation of Regolith Solidification Techniques,2024,Engineering,Charun Bao; Daobo Zhang; Qinyu Wang; Yifei Cui; Peng Feng,journal-article,https://doi.org/10.1016/j.eng.2024.03.004,VERIFIED_CROSSREF,parent_registry_v323;verified_additional_seed,,"Legacy curated metadata; not a prevalence, quality, or quantitative-evidence claim."
10.1016/j.icarus.2023.115885,Pressure Sintered icy lunar regolith Simulant (PSS): A novel icy regolith simulant production method,2024,Icarus,Daniel K.M. Johnson; Christopher B. Dreyer; Kevin M. Cannon; George Sowers,journal-article,https://doi.org/10.1016/j.icarus.2023.115885,VERIFIED_CROSSREF,Q01;Q02;Q03;Q04;Q05;Q06;Q07;Q08;Q09;Q10;Q11;Q12;Q13;Q14;Q15,lunar;regolith;simulant;sinter,"Discovery metadata only; not a prevalence, quality, or quantitative-evidence claim."
10.1016/j.icarus.2024.115943,Cohesion and shear strength of compacted lunar and Martian regolith simulants,2024,Icarus,B. Dotson; D. Sanchez Valencia; C. Millwater; P. Easter; J. Long-Fox; D. Britt,journal-article,https://doi.org/10.1016/j.icarus.2024.115943,VERIFIED_CROSSREF,Q01;Q02;Q06;Q07,lunar;regolith;simulant,"Discovery metadata only; not a prevalence, quality, or quantitative-evidence claim."
10.1016/j.icarus.2024.116166,"Three-dimensional characterization of particle size, shape, and internal porosity for Apollo 11 and Apollo 14 lunar regolith and JSC-1A lunar regolith soil simulant",2024,Icarus,Jay Goguen; Andrew Sharits; Ann Chiaramonti; Thomas Lafarge; Edward Garboczi,journal-article,https://doi.org/10.1016/j.icarus.2024.116166,VERIFIED_CROSSREF,Q01;Q02;Q03;Q04;Q05;Q06;Q07;Q08;Q09;Q10;Q11;Q12;Q13;Q14;Q15,lunar;regolith;simulant,"Discovery metadata only; not a prevalence, quality, or quantitative-evidence claim."
10.1016/j.icarus.2024.116257,Lunar simulant behaviour variability and implications on terrestrial based lunar testing,2024,Icarus,Philipp Zanon; Michelle Dunn; Geoffrey Brooks,journal-article,https://doi.org/10.1016/j.icarus.2024.116257,VERIFIED_CROSSREF,Q09,lunar;simulant,"Discovery metadata only; not a prevalence, quality, or quantitative-evidence claim."
10.1016/j.ijmecsci.2024.109147,A study of high-velocity penetration on icy lunar regolith simulants,2024,International Journal of Mechanical Sciences,Junxiao Xiao; Shengyuan Jiang; Junyue Tang; Miao Sun; Weiwei Zhang; Runqiang Chi,journal-article,https://doi.org/10.1016/j.ijmecsci.2024.109147,VERIFIED_CROSSREF,Q14,lunar;regolith;simulant,"Discovery metadata only; not a prevalence, quality, or quantitative-evidence claim."
10.1016/j.ijmst.2024.06.004,"Physical, mechanical and thermal properties of vacuum sintered HUST-1 lunar regolith simulant",2024,International Journal of Mining Science and Technology,Wenbin Han; Yan Zhou; Lixiong Cai; Cheng Zhou; Lieyun Ding,journal-article,https://doi.org/10.1016/j.ijmst.2024.06.004,VERIFIED_CROSSREF,Q03;Q06;Q10;Q14,lunar;regolith;simulant;sinter,"Discovery metadata only; not a prevalence, quality, or quantitative-evidence claim."
10.1016/j.ijmst.2024.09.002,Development and characterization of a regional lunar soil simulant for emirates lunar missions,2024,International Journal of Mining Science and Technology,Bo Peng; Prabu Thannasi; Waleed El-Sekelly; Tarek Abdoun; Kemal Celik,journal-article,https://doi.org/10.1016/j.ijmst.2024.09.002,VERIFIED_CROSSREF,Q09,lunar;simulant,"Discovery metadata only; not a prevalence, quality, or quantitative-evidence claim."
10.1016/j.ijmst.2024.09.005,Research progress on the adaptability of lunar regolith simulant-based composites and lunar base construction methods,2024,International Journal of Mining Science and Technology,Bo Liu; Peng Sun; Wei Yao; Tao Li; Wei Xu,journal-article,https://doi.org/10.1016/j.ijmst.2024.09.005,VERIFIED_CROSSREF,Q04;Q05;Q06;Q08;Q09;Q10;Q11;Q12;Q13;Q14;Q15,composite;construction;lunar;regolith;simulant,"Discovery metadata only; not a prevalence, quality, or quantitative-evidence claim."
10.1016/j.jcou.2024.102729,CO2 conversion over Martian and Lunar regolith simulants for extraterrestrial applications,2024,Journal of CO2 Utilization,Arturo Pajares; Pablo Guardia; Vladimir Galvita; Melchiorre Conti; Jasper Lefevere; Bart Michielsen,journal-article,https://doi.org/10.1016/j.jcou.2024.102729,VERIFIED_CROSSREF,Q15,lunar;regolith;simulant,"Discovery metadata only; not a prevalence, quality, or quantitative-evidence claim."
10.1016/j.jmapro.2024.03.024,Additive manufacturing of hydrogel-based lunar regolith pastes: A pathway toward in-situ resource utilization and in-space manufacturing,2024,Journal of Manufacturing Processes,Md Habibor Rahman; Anna K. Hayes; Krishna Muralidharan; Douglas A. Loy; Mohammed Shafae,journal-article,https://doi.org/10.1016/j.jmapro.2024.03.024,VERIFIED_CROSSREF,Q11;Q12,additive;lunar;manufactur;regolith,"Discovery metadata only; not a prevalence, quality, or quantitative-evidence claim."
10.1016/j.jmrt.2024.04.018,Forming and densification of lunar regolith simulant based on millimeter-scale energy beam melting,2024,Journal of Materials Research and Technology,Yiwei Liu; Xian Zhang; Chao Wang; Junping Gu; Qinggong Wang; Xiong Chen,journal-article,https://doi.org/10.1016/j.jmrt.2024.04.018,VERIFIED_CROSSREF,Q05;Q10;Q12,lunar;melt;regolith;simulant,"Discovery metadata only; not a prevalence, quality, or quantitative-evidence claim."
10.1016/j.jobe.2024.109193,Optimized manufacturing process of homogeneous microwave-sintered blocks of KLS-1 lunar regolith simulant,2024,Journal of Building Engineering,Hyunwoo Jin; Jangguen Lee; Li Zhuang; Sun Yeom; Hyu-Soung Shin; Young-Jae Kim,journal-article,https://doi.org/10.1016/j.jobe.2024.109193,VERIFIED_CROSSREF,Q02;Q10;Q11,lunar;manufactur;microwave;regolith;simulant;sinter,"Discovery metadata only; not a prevalence, quality, or quantitative-evidence claim."
10.1016/j.jobe.2024.110245,Conceptual design and experimental investigation of regolith bag structures for lunar in situ construction,2024,Journal of Building Engineering,Charun Bao; Peng Feng; Daobo Zhang; Qinyu Wang; Shaobo Yang,journal-article,https://doi.org/10.1016/j.jobe.2024.110245,VERIFIED_CROSSREF,Q04;Q05;Q08;Q11;Q12;Q13;Q14;Q15,construction;lunar;regolith,"Discovery metadata only; not a prevalence, quality, or quantitative-evidence claim."
10.1016/j.jobe.2024.110709,Influence of vacuum and high-temperature on the evolution of mechanical strength and microstructure of alkali-activated lunar regolith simulant,2024,Journal of Building Engineering,Yizhou Yao; Chao Liu; Wei Zhang; Huawei Liu; Tilin Wang; Yiwen Wu,journal-article,https://doi.org/10.1016/j.jobe.2024.110709,VERIFIED_CROSSREF,Q01;Q02;Q06;Q10,lunar;regolith;simulant,"Discovery metadata only; not a prevalence, quality, or quantitative-evidence claim."
10.1016/j.jobe.2024.111162,Influence of in-situ lunar temperature on the pore structure and solid phases of alkali-activated lunar regolith simulant,2024,Journal of Building Engineering,Yizhou Yao; Chao Liu; Wei Zhang; Huawei Liu; Chao Zhu,journal-article,https://doi.org/10.1016/j.jobe.2024.111162,VERIFIED_CROSSREF,Q01;Q03;Q04;Q06;Q08;Q09;Q10;Q12;Q15,lunar;regolith;simulant,"Discovery metadata only; not a prevalence, quality, or quantitative-evidence claim."
10.1016/j.jrmge.2023.04.025,Damage constitutive model of lunar soil simulant geopolymer under impact loading,2024,Journal of Rock Mechanics and Geotechnical Engineering,Hanyan Wang; Qinyong Ma; Qianyun Wu,journal-article,https://doi.org/10.1016/j.jrmge.2023.04.025,VERIFIED_CROSSREF,Q09,geopolymer;lunar;simulant,"Discovery metadata only; not a prevalence, quality, or quantitative-evidence claim."
10.1016/j.matdes.2024.112674,Cold sintering: A promising in situ resource utilisation strategy to densify lunar regolith simulants for construction applications,2024,Materials &amp; Design,Zhen Liu; Jinping Li; Cheng Yang; Xiaofei Wang; Jie Xiao; Lishuang Wang,journal-article,https://doi.org/10.1016/j.matdes.2024.112674,VERIFIED_CROSSREF,Q01;Q02;Q04;Q05;Q07;Q08;Q11;Q12;Q13;Q14;Q15,construction;lunar;regolith;simulant;sinter,"Discovery metadata only; not a prevalence, quality, or quantitative-evidence claim."
10.1016/j.paerosci.2024.101045,A comprehensive review of lunar-based manufacturing and construction,2024,Progress in Aerospace Sciences,Mohammad Azami; Zahra Kazemi; Sare Moazen; Martine Dubé; Marie-Josée Potvin; Krzysztof Skonieczny,journal-article,https://doi.org/10.1016/j.paerosci.2024.101045,VERIFIED_CROSSREF,verified_additional_seed,seed,"Discovery metadata only; not a prevalence, quality, or quantitative-evidence claim."
10.1016/j.procir.2024.08.131,Numerical simulation approach for Laser Melting of lunar regolith using an enthalpy-based model,2024,Procedia CIRP,Jan Keuntje; Tjorben Griemsmann; Joel Patzwald; Richard Staehr; Peter Jaeschke; Enrico Stoll,journal-article,https://doi.org/10.1016/j.procir.2024.08.131,VERIFIED_CROSSREF,Q05,laser;lunar;melt;regolith,"Discovery metadata only; not a prevalence, quality, or quantitative-evidence claim."
10.1016/j.procir.2024.08.160,Laser remelting of regolith in vacuum: Reducing porosity for enhanced lunar resource utilization,2024,Procedia CIRP,T. Eismann; T. Griemsmann; C. Schroeder; N. Emminghaus; P. Weßels; J. Neumann,journal-article,https://doi.org/10.1016/j.procir.2024.08.160,VERIFIED_CROSSREF,Q06,laser;lunar;melt;regolith,"Discovery metadata only; not a prevalence, quality, or quantitative-evidence claim."
10.1016/j.pss.2024.105890,Synthesizing lunar regolith-geopolymer emulating lunar positive temperature regime,2024,Planetary and Space Science,Usman Javed; Faiz Uddin Ahmed Shaikh; A.K.M. Samsur Rahman,journal-article,https://doi.org/10.1016/j.pss.2024.105890,VERIFIED_CROSSREF,Q01;Q02;Q04;Q05;Q06;Q07;Q08;Q11;Q12;Q13;Q14;Q15;parent_registry_v323,,"Legacy curated metadata; not a prevalence, quality, or quantitative-evidence claim."
10.1016/j.pss.2024.105982,Comparison of volatiles evolving from selected highland and mare lunar regolith simulants during vacuum sintering,2024,Planetary and Space Science,Mihail P. Petkov; Ryan P. Wilkerson; Gerald E. Voecks; Douglas L. Rickman; Jennifer E. Edmunson; Michael R. Effinger,journal-article,https://doi.org/10.1016/j.pss.2024.105982,VERIFIED_CROSSREF,Q01;Q02;Q04;Q05;Q06;Q07,lunar;regolith;simulant;sinter,"Discovery metadata only; not a prevalence, quality, or quantitative-evidence claim."
10.1016/j.tca.2023.179648,Thermophysical properties of lunar regolith simulant LHS-1 and ice sublimation kinetics in its mixtures with frozen water,2024,Thermochimica Acta,Dominic H. Austen; Evgeny Shafirovich,journal-article,https://doi.org/10.1016/j.tca.2023.179648,VERIFIED_CROSSREF,Q03;Q09;Q10;Q14;parent_registry_v323,,"Legacy curated metadata; not a prevalence, quality, or quantitative-evidence claim."
10.1021/acsaenm.4c00158,Thermal Weathering of 3D-Printed Lunar Regolith Simulant Composites,2024,ACS Applied Engineering Materials,Alexandra Marnot; Jami Milliken; Jaehyun Cho; Zihao Lin; Chingping Wong; Jennifer M. Jones,journal-article,https://doi.org/10.1021/acsaenm.4c00158,VERIFIED_CROSSREF,Q10,composite;lunar;regolith;simulant,"Discovery metadata only; not a prevalence, quality, or quantitative-evidence claim."
10.1021/acsomega.4c02702,Self-Sufficient Production of Lunar Regolith Gravels on the Moon by Ultrarapid Microwave Sintering,2024,ACS Omega,Shuntaro Tsubaki; Satoshi Fujii; Masahiro Yamamoto; Hiroshi Kanamori; Takeshi Hoshino; Satoshi Hosoda,journal-article,https://doi.org/10.1021/acsomega.4c02702,VERIFIED_CROSSREF,Q01;Q02;Q04;Q05;Q07;parent_registry_v323,,"Legacy curated metadata; not a prevalence, quality, or quantitative-evidence claim."
10.1029/2023je008152,A Microphysical Thermal Model for the Lunar Regolith: Investigating the Latitudinal Dependence of Regolith Properties,2024,Journal of Geophysical Research: Planets,Johanna Bürger; Paul O. Hayne; Bastian Gundlach; Matthias Läuter; Tobias Kramer; Jürgen Blum,journal-article,https://doi.org/10.1029/2023je008152,VERIFIED_CROSSREF,Q01;Q02;Q04;Q08;Q10;Q12;Q13;Q14;Q15,lunar;moon;regolith;solar,"Discovery metadata only; not a prevalence, quality, or quantitative-evidence claim."
10.1029/2024ea003736,Analysis of Thermal and Dielectric Loss Features of Lunar Regolith Considering Real‐Time Effect Solar Irradiance,2024,Earth and Space Science,Shurui Chen; Yongjiu Feng; Xiaohua Tong; Panli Tang; Qiquan Yang; Changjiang Xiao,journal-article,https://doi.org/10.1029/2024ea003736,VERIFIED_CROSSREF,Q04,lunar;microwave;regolith;solar,"Discovery metadata only; not a prevalence, quality, or quantitative-evidence claim."
10.1038/s41598-024-79504-x,Multi-step thermal design of microwave vacuum heating to basaltic regolith simulant towards lunar base construction,2024,Scientific Reports,Kunihiko Kato; Takashi Shirai,journal-article,https://doi.org/10.1038/s41598-024-79504-x,VERIFIED_CROSSREF,Q02;Q03;Q04;Q05;Q06;Q08;Q09;Q10;Q11;Q12;Q13;Q14;Q15;parent_registry_v323,,"Legacy curated metadata; not a prevalence, quality, or quantitative-evidence claim."
10.1051/0004-6361/202348876,Energy spectra of energetic neutral hydrogen backscattered and sputtered from the lunar regolith by the solar wind,2024,Astronomy &amp; Astrophysics,M. Wieser; H. Williamson; G. Stenberg Wieser; S. Barabash; A. Zhang; C. Wang,journal-article,https://doi.org/10.1051/0004-6361/202348876,VERIFIED_CROSSREF,Q01;Q04,lunar;regolith;solar,"Discovery metadata only; not a prevalence, quality, or quantitative-evidence claim."
10.1063/5.0233884,Low-velocity impact response of lunar and Martian regolith simulants: Implications for lunar and Martian surface explorations,2024,Physics of Fluids,Takuma Ishii; Arata Kioka; Jyh-Jaan Steven Huang; Yoshiki Tabuchi; Yasuhiro Yamada,journal-article,https://doi.org/10.1063/5.0233884,VERIFIED_CROSSREF,Q01;Q02;Q04;Q06;Q08;Q12;Q15,construction;lunar;regolith;simulant,"Discovery metadata only; not a prevalence, quality, or quantitative-evidence claim."
10.1088/1742-6596/2706/1/012009,Research on the Material Performance and Forming Process of Lunar Regolith Simulant,2024,Journal of Physics: Conference Series,Yang Zuo; Heng Shao; Charun Bao; Shaobo Yang; Junfeng Qi; Minying Liu,journal-article,https://doi.org/10.1088/1742-6596/2706/1/012009,VERIFIED_CROSSREF,Q10,construction;lunar;moon;regolith;simulant,"Discovery metadata only; not a prevalence, quality, or quantitative-evidence claim."
10.1134/s0010952524600781,Laboratory Tests of Selective Laser Melting of Simulants of Lunar Regolith with Various Granulometric Properties,2024,Cosmic Research,T. M. Tomilina; A. A. Kim; D. I. Lisov; A. M. Lysenko,journal-article,https://doi.org/10.1134/s0010952524600781,VERIFIED_CROSSREF,Q05,laser;lunar;melt;regolith;simulant,"Discovery metadata only; not a prevalence, quality, or quantitative-evidence claim."
10.1134/s0010952524600793,A Study of the Properties of Samples from a Lunar Regolith Simulant Produced by Selective Laser Melting,2024,Cosmic Research,A. A. Kim; A. M. Lysenko; T. M. Tomilina,journal-article,https://doi.org/10.1134/s0010952524600793,VERIFIED_CROSSREF,Q03;Q05;Q08;Q09;Q10;parent_registry_v323,,"Legacy curated metadata; not a prevalence, quality, or quantitative-evidence claim."
10.1134/s0016793224700075,Constraints on the Parameters of Solar Superflares Based on Cosmogenic Radiocarbon Data in the Lunar Regolith,2024,Geomagnetism and Aeronomy,G. I. Vasilyev; A. N. Konstantinov; I. V. Kudryavtsev; E. S. Melikhova; V. M. Ostryakov; A. K. Pavlov,journal-article,https://doi.org/10.1134/s0016793224700075,VERIFIED_CROSSREF,Q04,lunar;regolith;solar,"Discovery metadata only; not a prevalence, quality, or quantitative-evidence claim."
10.1134/s0038094624700266,Natural Alloys of the Cu–Ni System from Impactites of the Lonar Crater (India) and Lunar Regolith,2024,Solar System Research,T. A. Gornostaeva; P. M. Kartashov; A. V. Mokhov; A. P. Rybchuk; A. T. Basilevsky,journal-article,https://doi.org/10.1134/s0038094624700266,VERIFIED_CROSSREF,Q04,lunar;regolith;solar,"Discovery metadata only; not a prevalence, quality, or quantitative-evidence claim."
10.14311/cej.2024.01.0003,An elastoplastic constitutive model of lunar soil simulant considering shear dilatancy and softening characteristics,2024,Stavební obzor - Civil Engineering Journal,Yunli Li; Lugi Wang; Jiawei Li; Wenping Wu,journal-article,https://doi.org/10.14311/cej.2024.01.0003,VERIFIED_CROSSREF,Q09,construction;lunar;simulant,"Discovery metadata only; not a prevalence, quality, or quantitative-evidence claim."
10.3389/fmats.2024.1413432,Preparation of geopolymer for in-situ pavement construction on the moon utilizing minimal additives and human urine in lunar regolith simulant,2024,Frontiers in Materials,Lichong Chen; Tao Wang; Feng Li; Siqi Zhou,journal-article,https://doi.org/10.3389/fmats.2024.1413432,VERIFIED_CROSSREF,Q04;Q05;Q06;Q07;Q08;Q09;Q10;Q11;Q12;Q13;Q14;Q15;parent_registry_v323,,"Legacy curated metadata; not a prevalence, quality, or quantitative-evidence claim."
10.3389/frspt.2024.1303964,Verification of a virtual lunar regolith simulant,2024,Frontiers in Space Technologies,Joe Louca; John Vrublevskis; Kerstin Eder; Antonia Tzemanaki,journal-article,https://doi.org/10.3389/frspt.2024.1303964,VERIFIED_CROSSREF,Q01;Q02;Q03;Q04;Q06;Q08;Q09;Q10;Q12;Q13;Q15,lunar;regolith;simulant,"Discovery metadata only; not a prevalence, quality, or quantitative-evidence claim."
10.3389/frspt.2024.1345337,Autonomous construction of lunar infrastructure with in-situ boulders,2024,Frontiers in Space Technologies,Jonas Walther; Ryan Luke Johns; Hendrik Kolvenbach; Valentin Tertius Bickel; Marco Hutter,journal-article,https://doi.org/10.3389/frspt.2024.1345337,VERIFIED_CROSSREF,Q12,construction;lunar,"Discovery metadata only; not a prevalence, quality, or quantitative-evidence claim."
10.3389/frspt.2024.1510635,"The Luna Analog Facility testbeds (ESA, EAC): contemporary characterization work of highland (lunar) and mare (EAC-1) lunar regolith simulants",2024,Frontiers in Space Technologies,Aliz Zemeny; Lorenza Sardisco; Santiago Quinteros; T. Dylan Mikesell; Duncan Pirrie; Libby Rose,journal-article,https://doi.org/10.3389/frspt.2024.1510635,VERIFIED_CROSSREF,Q06,lunar;regolith;simulant,"Discovery metadata only; not a prevalence, quality, or quantitative-evidence claim."
10.3390/aerospace11050348,A Study of Lunar Regolith Obtained during the Apollo and Luna Space Programs Based on Principal Component Analysis,2024,Aerospace,Jacek Katzer; Janusz Kobaka; Karol Seweryn,journal-article,https://doi.org/10.3390/aerospace11050348,VERIFIED_CROSSREF,Q08,construction;lunar;regolith;simulant,"Discovery metadata only; not a prevalence, quality, or quantitative-evidence claim."
10.3390/cryst14020110,Effect of TiO2 on the Microstructure and Flexural Strength of Lunar Regolith Simulant,2024,Crystals,Junhao Chen; Haoming Chen; Zhe Zhao; Xiao Zong,journal-article,https://doi.org/10.3390/cryst14020110,VERIFIED_CROSSREF,Q01;Q02;Q03;Q06;Q07;Q09;Q10;Q15,construction;lunar;melt;regolith;simulant;sinter,"Discovery metadata only; not a prevalence, quality, or quantitative-evidence claim."
10.3390/cryst14121022,Boosting the Mechanical and Thermal Properties of CUG-1A Lunar Regolith Simulant by Spark Plasma Sintering,2024,Crystals,Yiwei Liu; Xian Zhang; Xiong Chen; Chao Wang; Yaolun Yu; Yi Jia,journal-article,https://doi.org/10.3390/cryst14121022,VERIFIED_CROSSREF,Q01;Q02;Q03;Q04;Q05;Q07;Q09;Q10;Q14;parent_registry_v323,,"Legacy curated metadata; not a prevalence, quality, or quantitative-evidence claim."
10.3390/ma17061413,Experimental Study on Geopolymerization of Lunar Soil Simulant under Dry Curing and Sealed Curing,2024,Materials,Jinhui Gu; Qinyong Ma,journal-article,https://doi.org/10.3390/ma17061413,VERIFIED_CROSSREF,Q09,construction;geopolymer;lunar;moon;regolith;simulant,"Discovery metadata only; not a prevalence, quality, or quantitative-evidence claim."
10.3390/ma17194789,Calibration of Discrete Element Method Parameters for a High-Fidelity Lunar Regolith Simulant Considering the Effects of Realistic Particle Shape,2024,Materials,Ningxi Zhou; Jian Chen; Ning Tian; Kaiwei Tian; Juehao Huang; Peng Wu,journal-article,https://doi.org/10.3390/ma17194789,VERIFIED_CROSSREF,Q10,lunar;regolith;simulant,"Discovery metadata only; not a prevalence, quality, or quantitative-evidence claim."
10.3390/polym16111582,Lunar Regolith Geopolymer Concrete for In-Situ Construction of Lunar Bases: A Review,2024,Polymers,Xiaowei Zheng; Cong Zhao; Xiaoyan Sun; Weiwei Dong,journal-article,https://doi.org/10.3390/polym16111582,VERIFIED_CROSSREF,Q01;Q02;Q04;Q05;Q06;Q07;Q08;Q11;Q12;Q13;Q14;Q15;parent_registry_v323,,"Legacy curated metadata; not a prevalence, quality, or quantitative-evidence claim."
10.3390/rs16203819,Experimental Analysis of Terahertz Wave Scattering Characteristics of Simulated Lunar Regolith Surface,2024,Remote Sensing,Suyun Wang; Kazuma Hiramatsu,journal-article,https://doi.org/10.3390/rs16203819,VERIFIED_CROSSREF,Q01;Q02;Q04;Q06;Q08;Q12;Q13;Q15,lunar;printing;regolith,"Discovery metadata only; not a prevalence, quality, or quantitative-evidence claim."
10.34133/research.0486,Melting and Rapid Solidification of Lunar Regolith Particles Returned by Chang’E-5 Mission,2024,Research,Xian Zhang; Yiwei Liu; Shaofan Zhao; Jian Song; Wei Yao; Weihua Wang,journal-article,https://doi.org/10.34133/research.0486,VERIFIED_CROSSREF,Q05;Q12,additive;lunar;manufactur;melt;regolith,"Discovery metadata only; not a prevalence, quality, or quantitative-evidence claim."
10.36959/422/469,E-Beam and Solar Thermal Driven Oxygen and Metal Production from Lunar Regolith,2024,Journal of Aerospace Engineering and Mechanics,Moses Robert W.; Choi Sang H.; Park Cheol; Fay Catharine C.,journal-article,https://doi.org/10.36959/422/469,VERIFIED_CROSSREF,Q04,lunar;regolith;solar,"Discovery metadata only; not a prevalence, quality, or quantitative-evidence claim."
10.5140/jass.2024.41.2.79,Development of a New Lunar Regolith Simulant using an Automated Program Framework,2024,Journal of Astronomy and Space Sciences,GyeongRok Kwon; Kyeong Ja Kim; Eungseok Yi,journal-article,https://doi.org/10.5140/jass.2024.41.2.79,VERIFIED_CROSSREF,Q10,construction;lunar;regolith;simulant,"Discovery metadata only; not a prevalence, quality, or quantitative-evidence claim."
10.54254/2753-7064/48/20240165,Development of Intelligent Construction Robots for In-situ Lunar Resource Utilization,2024,Communications in Humanities Research,Zixuan Du,journal-article,https://doi.org/10.54254/2753-7064/48/20240165,VERIFIED_CROSSREF,Q12,construction;lunar;printing,"Discovery metadata only; not a prevalence, quality, or quantitative-evidence claim."
10.59782/iam.v1i2.229,Simulation of lunar soil compressive strength performance test based on grey correlation analysis,2024,Insights of Automation in Manufacturing,Wang Enliang; Ren Zhifeng; Wang Chu; Liu Junwei; Liu Xingchao; Tian Ye,journal-article,https://doi.org/10.59782/iam.v1i2.229,VERIFIED_CROSSREF,Q01;Q02,lunar;manufactur;simulant,"Discovery metadata only; not a prevalence, quality, or quantitative-evidence claim."
10.1007/978-3-031-64269-2_7,Mechanical Properties and Additive Manufacturing of Alkali-Activated Lunar Regolith in Artificial Lunar Environments,2024.0,Springer Tracts in Additive Manufacturing,Zifan Geng; Lizhi Zhang; Zhiwen Wu,book-chapter,https://doi.org/10.1007/978-3-031-64269-2_7,VERIFIED_CROSSREF,parent_registry_v323,,"Legacy curated metadata; not a prevalence, quality, or quantitative-evidence claim."
10.1061/9780784485736.005,Discrete Element Modeling of LHS-1 Lunar Highlands Simulant and Cone Penetrometer-Regolith Interactions,2024.0,Earth and Space 2024,Jesus Badal; Qiushi Chen; Liang Zhang,proceedings-article,https://doi.org/10.1061/9780784485736.005,VERIFIED_CROSSREF,parent_registry_v323,,"Legacy curated metadata; not a prevalence, quality, or quantitative-evidence claim."
10.1061/9780784485736.080,A Comprehensive Analysis of Autonomous Construction of a Lunar Landing Pad Using a Network of Small Robots,2024.0,Earth and Space 2024,Sivaperuman Muniyasamy; Aidan O'Neill Cler; Jekan Thangavelautham,proceedings-article,https://doi.org/10.1061/9780784485736.080,VERIFIED_CROSSREF,parent_registry_v323,,"Legacy curated metadata; not a prevalence, quality, or quantitative-evidence claim."
10.1061/9780784485736.081,Lunar Landing and Launch Pad Construction Using Concentrated Solar Energy to Fuse Lunar Regolith Feedstock,2024.0,Earth and Space 2024,Alan Carter; Andrew Brewer; Ryan Garvey,proceedings-article,https://doi.org/10.1061/9780784485736.081,VERIFIED_CROSSREF,parent_registry_v323,,"Legacy curated metadata; not a prevalence, quality, or quantitative-evidence claim."
10.1061/9780784485736.087,"Spark Plasma Sintering of NUW-LHT-5M Lunar Highland Simulant: Effect of Sintering Temperature on Physical, Mechanical, and Microstructural Properties",2024.0,Earth and Space 2024,In Kyu Jeon; Yong-Rak Kim,proceedings-article,https://doi.org/10.1061/9780784485736.087,VERIFIED_CROSSREF,parent_registry_v323,,"Legacy curated metadata; not a prevalence, quality, or quantitative-evidence claim."
10.1061/9780784485736.088,Mechanical Properties of Regolith-Resin-Based Composite (RRC) for Lunar Construction Utilizing In Situ Resources,2024.0,Earth and Space 2024,Mohammad Altaf Hossain; Scott T. Smith; T. Tafsirojjaman,proceedings-article,https://doi.org/10.1061/9780784485736.088,VERIFIED_CROSSREF,parent_registry_v323,,"Legacy curated metadata; not a prevalence, quality, or quantitative-evidence claim."
10.2139/ssrn.4777037,"Silicate-Lunar Regolith Composites: A Facile, Durable and Versatile Solution Towards In-Situ Extraterrestrial Construction",2024.0,not_extracted,Zifan Geng; Lizhi Zhang; Zhiwen Wu,posted-content,https://doi.org/10.2139/ssrn.4777037,VERIFIED_CROSSREF,parent_registry_v323,,"Legacy curated metadata; not a prevalence, quality, or quantitative-evidence claim."
10.2139/ssrn.4898092,"Silicate-Lunar Regolith Composites: A Facile, Durable and Versatile Solution Towards In-Situ Extraterrestrial Construction",2024.0,not_extracted,Zifan Geng; Lizhi Zhang; Zhiwen Wu,posted-content,https://doi.org/10.2139/ssrn.4898092,VERIFIED_CROSSREF,parent_registry_v323,,"Legacy curated metadata; not a prevalence, quality, or quantitative-evidence claim."
10.2139/ssrn.4966275,Early Age Mechanical Properties and Microstructural Characterization of Cqu-1 Lunar Regolith Simulant Geopolymer,2024.0,not_extracted,Xuanyi Xue; Jianghuai Zhan; Guoqiang Li,posted-content,https://doi.org/10.2139/ssrn.4966275,VERIFIED_CROSSREF,parent_registry_v323,,"Legacy curated metadata; not a prevalence, quality, or quantitative-evidence claim."
10.2139/ssrn.4970599,"Investigating the Microscopic, Mechanical, and Thermal Properties of Vacuum-Sintered Bh-1 Lunar Regolith Simulant for Lunar In-Situ Construction",2024.0,not_extracted,Yu Jiang; Feng Li; Siqi Zhou,posted-content,https://doi.org/10.2139/ssrn.4970599,VERIFIED_CROSSREF,parent_registry_v323,,"Legacy curated metadata; not a prevalence, quality, or quantitative-evidence claim."
10.2139/ssrn.4990272,Effects of Curing Temperature on Early-Age Mechanical Property and Microstructure of Lunar Regolith Simulant Geopolymer,2024.0,not_extracted,Jianghuai Zhan; Xuanyi Xue; Jianmin Hua,posted-content,https://doi.org/10.2139/ssrn.4990272,VERIFIED_CROSSREF,parent_registry_v323,,"Legacy curated metadata; not a prevalence, quality, or quantitative-evidence claim."
10.52202/078357-0224,Evaluation of Required Strength for Lunar Base Construction Materials and Development of Regolith Solidification Via Vibrational Compaction,2024.0,IAF Space Exploration Symposium,Tatsuya Nukushina,proceedings-article,https://doi.org/10.52202/078357-0224,VERIFIED_CROSSREF,parent_registry_v323,,"Legacy curated metadata; not a prevalence, quality, or quantitative-evidence claim."
10.52202/078359-0030,Laser-Welded Lunar Landing Pad Based on Sintered Lunar Regolith,2024.0,27th IAA Symposium on Human Exploration of the Solar System,Wenbin Han,proceedings-article,https://doi.org/10.52202/078359-0030,VERIFIED_CROSSREF,parent_registry_v323,,"Legacy curated metadata; not a prevalence, quality, or quantitative-evidence claim."
10.52202/078359-0047,Compressive and Tensile Strength Evaluation of a Layered-Material Composed of Lunar Regolith Simulant and Epoxy Resin for the Construction of Lunar Settlements.,2024.0,27th IAA Symposium on Human Exploration of the Solar System,Alonso Viana Guzmán,proceedings-article,https://doi.org/10.52202/078359-0047,VERIFIED_CROSSREF,parent_registry_v323,,"Legacy curated metadata; not a prevalence, quality, or quantitative-evidence claim."
10.1002/smll.202502220,Balancing Strength and Extreme Thermal Resilience in Lunar Regolith Composites: The Role of Multi‐Walled Carbon Nanotubes,2025,Small,Andrea J. Hoe; Amirreza Tarafdar; Wenhua Lin; Michael R. Fiske; Jennifer E. Edmunson; Yeqing Wang,journal-article,https://doi.org/10.1002/smll.202502220,VERIFIED_CROSSREF,Q01;Q02;Q06;Q07,additive;composite;construction;lunar;moon;regolith,"Discovery metadata only; not a prevalence, quality, or quantitative-evidence claim."
10.1007/s11431-024-2877-1,"Effects of TiO2 content on microstructure, thermal and mechanical properties of microwave sintered lunar regolith simulant",2025,Science China Technological Sciences,Zekai Wang; Yan Zhou; Long Xiao; Cheng Zhou; Lieyun Ding,journal-article,https://doi.org/10.1007/s11431-024-2877-1,VERIFIED_CROSSREF,Q02;Q03;Q10;Q14,lunar;microwave;regolith;simulant;sinter,"Discovery metadata only; not a prevalence, quality, or quantitative-evidence claim."
10.1007/s11431-025-2952-9,Sintering of Chang’e-5 high-fidelity lunar soil simulant for providing high-strength materials for lunar base construction,2025,Science China Technological Sciences,Siqi Zhou; Zhiqian Lin; Xinyang Tao; Wanpeng Li; Baodong Chen; Feng Li,journal-article,https://doi.org/10.1007/s11431-025-2952-9,VERIFIED_CROSSREF,Q01;Q02;Q04;Q09,construction;lunar;simulant;sinter,"Discovery metadata only; not a prevalence, quality, or quantitative-evidence claim."
10.1007/s11440-025-02553-7,Influence of loading conditions on mechanical behaviors of lunar regolith simulant WHU-1 based on Chang’e-5 returned samples,2025,Acta Geotechnica,Yue Teng; Shun Wang; Yifei Cui; Yong Pang,journal-article,https://doi.org/10.1007/s11440-025-02553-7,VERIFIED_CROSSREF,Q03;Q09;Q10,lunar;regolith;simulant,"Discovery metadata only; not a prevalence, quality, or quantitative-evidence claim."
10.1007/s40964-024-00934-0,"Enhancing economical lunar-based manufacturing by incorporating lunar regolith into polyether–ether–ketone (PEEK): material development, additive manufacturing, and characterization",2025,Progress in Additive Manufacturing,Mohammad Azami; Pierre-Lucas Aubin-Fournier; Krzysztof Skonieczny,journal-article,https://doi.org/10.1007/s40964-024-00934-0,VERIFIED_CROSSREF,Q06;Q11;Q15;parent_registry_v323,,"Legacy curated metadata; not a prevalence, quality, or quantitative-evidence claim."
10.1007/s40964-025-00966-0,Exploring the erosion resistance of Al6061 metal matrix composite fabricated via additive manufacturing for future lunar exploration,2025,Progress in Additive Manufacturing,Pial Das; Emil Umerov; Nicholas Dyrstad-Cincotta; Md Touhidul Islam Rimon; Matthew Mazurkivich; Sara Rengifo,journal-article,https://doi.org/10.1007/s40964-025-00966-0,VERIFIED_CROSSREF,Q11,additive;composite;lunar;manufactur,"Discovery metadata only; not a prevalence, quality, or quantitative-evidence claim."
10.1007/s44461-025-00002-7,Implications of lunar simulant geotechnical properties on testbed experimentation and engineering analysis and reported properties of Colorado School of Mines highland simulant,2025,Space and Planetary Resources,Ian E. Jehn; Y. Isabel Casasbuenas Cabezas; Tommy D. Bounds; Gabriel G. N. Houston; Christopher B. Dreyer; Courtney Johnson,journal-article,https://doi.org/10.1007/s44461-025-00002-7,VERIFIED_CROSSREF,Q09,lunar;simulant,"Discovery metadata only; not a prevalence, quality, or quantitative-evidence claim."
10.1007/s44461-025-00004-5,Vibration-induced size segregation of lunar regolith and simulants for in situ resource utilisation (ISRU),2025,Space and Planetary Resources,J. N. Rasera; L. E. Salinas-Farran; S. O. Starr; V. Schein; B. Lomax; F. McDonald,journal-article,https://doi.org/10.1007/s44461-025-00004-5,VERIFIED_CROSSREF,Q12,lunar;regolith;simulant,"Discovery metadata only; not a prevalence, quality, or quantitative-evidence claim."
10.1016/j.actaastro.2024.10.024,Selective laser melting of partially amorphous regolith analog for ISRU lunar applications,2025,Acta Astronautica,Julien Granier; Thierry Cutard; Patrick Pinet; Yannick Le Maoult; Serge Chevrel; Thierry Sentenac,journal-article,https://doi.org/10.1016/j.actaastro.2024.10.024,VERIFIED_CROSSREF,Q05;parent_registry_v323,,"Legacy curated metadata; not a prevalence, quality, or quantitative-evidence claim."
10.1016/j.actaastro.2024.10.064,Development of regolith-resin-composite (RRC) material for lunar construction,2025,Acta Astronautica,T. Tafsirojjaman; Scott T. Smith; Mohammad Altaf Hossain,journal-article,https://doi.org/10.1016/j.actaastro.2024.10.064,VERIFIED_CROSSREF,Q04;Q05;Q08;Q11;Q12;Q13;Q14;Q15;parent_registry_v323,,"Legacy curated metadata; not a prevalence, quality, or quantitative-evidence claim."
10.1016/j.actaastro.2024.11.057,Influence of ambient pressure on laser beam melting of lunar regolith simulant,2025,Acta Astronautica,Tjorben Griemsmann; Joel Patzwald; Chetan Chawda; Tim Eismann; Arvid Abel; Nicole Emminghaus,journal-article,https://doi.org/10.1016/j.actaastro.2024.11.057,VERIFIED_CROSSREF,Q05;Q10,laser;lunar;melt;regolith;simulant,"Discovery metadata only; not a prevalence, quality, or quantitative-evidence claim."
10.1016/j.actaastro.2024.12.026,Removal efficiency for size-sorted particles of lunar regolith simulant using an electrodynamic dust shield,2025,Acta Astronautica,Masato Adachi; Ryudai Nitano,journal-article,https://doi.org/10.1016/j.actaastro.2024.12.026,VERIFIED_CROSSREF,Q03;Q09;Q10,lunar;regolith;simulant,"Discovery metadata only; not a prevalence, quality, or quantitative-evidence claim."
10.1016/j.actaastro.2025.02.003,3D printing of flexible parts out of lunar regolith simulant,2025,Acta Astronautica,Miranda Fateri; Achim Frick; Constantin Schuler; Tim Schubert; Jochen Hoffmann; Jacobus van der Walt,journal-article,https://doi.org/10.1016/j.actaastro.2025.02.003,VERIFIED_CROSSREF,Q09;Q10,lunar;printing;regolith;simulant,"Discovery metadata only; not a prevalence, quality, or quantitative-evidence claim."
10.1016/j.actaastro.2025.02.030,Properties of novel LX lunar regolith simulant system — The base simulants: Part 1,2025,Acta Astronautica,Joel Patzwald; Rafael Kleba-Ehrhardt; Ferry Schiperski; Tjorben Griemsmann; Stefan Linke; Thomas Neumann,journal-article,https://doi.org/10.1016/j.actaastro.2025.02.030,VERIFIED_CROSSREF,Q03;Q10,lunar;regolith;simulant,"Discovery metadata only; not a prevalence, quality, or quantitative-evidence claim."
10.1016/j.actaastro.2025.02.038,Sintering of Lunar regolith: A review,2025,Acta Astronautica,Sk S. Hossain; Jeffrey W. Bullard,journal-article,https://doi.org/10.1016/j.actaastro.2025.02.038,VERIFIED_CROSSREF,Q01;Q02;Q03;Q04;Q05;Q06;Q07;Q08;Q11;Q12;Q13;Q15;parent_registry_v323,,"Legacy curated metadata; not a prevalence, quality, or quantitative-evidence claim."
10.1016/j.actaastro.2025.03.031,Feasibility study and prospects analysis of lunar regolith forming based on concentrated solar energy,2025,Acta Astronautica,Honglun Yang; Haitao Wang; Biao Xie; Mingqi Sun; Shuyi Chen; Zhe Zhang,journal-article,https://doi.org/10.1016/j.actaastro.2025.03.031,VERIFIED_CROSSREF,Q01;Q04,lunar;regolith;solar,"Discovery metadata only; not a prevalence, quality, or quantitative-evidence claim."
10.1016/j.actaastro.2025.03.032,A review of lunar regolith based alkali activated materials and sintered regolith for use as a construction material,2025,Acta Astronautica,Federico Pederson; Liam Ellersick; Hee-Jeong Kim,journal-article,https://doi.org/10.1016/j.actaastro.2025.03.032,VERIFIED_CROSSREF,Q01;Q02;Q04;Q05;Q06;Q08;Q11;Q12;Q13;Q14;Q15;parent_registry_v323,,"Legacy curated metadata; not a prevalence, quality, or quantitative-evidence claim."
10.1016/j.actaastro.2025.03.040,Thermal extraction of H2O(s) from lunar regolith simulant with concentrated solar irradiation: Experimental analysis,2025,Acta Astronautica,Tyler P. Farr; Brant M. Jones; Thomas M. Orlando; Peter G. Loutzenhiser,journal-article,https://doi.org/10.1016/j.actaastro.2025.03.040,VERIFIED_CROSSREF,Q04;Q09;Q10,lunar;regolith;simulant;solar,"Discovery metadata only; not a prevalence, quality, or quantitative-evidence claim."
10.1016/j.actaastro.2025.04.009,Improved additive manufacturing of lunar regolith simulant via digital light processing for in-situ resource utilization on the moon,2025,Acta Astronautica,Adolor David Aiyeki; Andrey Tikhonov; Svyatoslav Chugunov,journal-article,https://doi.org/10.1016/j.actaastro.2025.04.009,VERIFIED_CROSSREF,Q09;Q10;Q11;Q12,additive;lunar;manufactur;moon;regolith;simulant,"Discovery metadata only; not a prevalence, quality, or quantitative-evidence claim."
10.1016/j.actaastro.2025.04.037,Real-time synchrotron X-ray lmaging of laser additive manufactured lunar Regolith simulant,2025,Acta Astronautica,Caterina Iantaffi; Chu Lun Alex Leung; Elena Ruckh; Samy Hocine; Alexander Rack; Peter D. Lee,journal-article,https://doi.org/10.1016/j.actaastro.2025.04.037,VERIFIED_CROSSREF,Q05;Q10;Q11,additive;laser;lunar;manufactur;regolith;simulant,"Discovery metadata only; not a prevalence, quality, or quantitative-evidence claim."
10.1016/j.actaastro.2025.05.008,Review of in-situ oxygen extraction from lunar regolith with focus on solar thermal and laser vacuum pyrolysis,2025,Acta Astronautica,Jack Robinot; Sylvain Rodat; Stéphane Abanades; Alexis Paillet; Aidan Cowley,journal-article,https://doi.org/10.1016/j.actaastro.2025.05.008,VERIFIED_CROSSREF,Q04;Q05;Q06;Q10;Q12,laser;lunar;regolith;solar,"Discovery metadata only; not a prevalence, quality, or quantitative-evidence claim."
10.1016/j.actaastro.2025.05.011,Cold sintering as a promising in-situ lunar regolith resource utilization approach: Parameter optimization for geopolymer products,2025,Acta Astronautica,Guangjie Xue; Guofu Qiao,journal-article,https://doi.org/10.1016/j.actaastro.2025.05.011,VERIFIED_CROSSREF,Q01;Q02;Q04;Q05;Q06;Q07;Q12;parent_registry_v323,,"Legacy curated metadata; not a prevalence, quality, or quantitative-evidence claim."
10.1016/j.actaastro.2025.06.018,Wheat rhizospheric microbial network's consistent modular pattern in improved lunar soil simulant accompanied with fungal withdrawal,2025,Acta Astronautica,Boyang Liao; Zhikai Yao; Jiajie Feng; Hong Liu,journal-article,https://doi.org/10.1016/j.actaastro.2025.06.018,VERIFIED_CROSSREF,Q09,lunar;simulant,"Discovery metadata only; not a prevalence, quality, or quantitative-evidence claim."
10.1016/j.actaastro.2025.06.056,Proposal of a new category of lunar regolith simulants: Reduced particle-density simulants that exhibit equivalent self-weight in Earth gravity to native regolith in lunar gravity,2025,Acta Astronautica,Marko Pratnekar; Vivek Garg; Baldeep Kaur; Michael S.A. Bradley; David C. Cullen,journal-article,https://doi.org/10.1016/j.actaastro.2025.06.056,VERIFIED_CROSSREF,Q01;Q02;Q04;Q05;Q06;Q07;Q08;Q11;Q12;Q13;Q14;Q15,lunar;regolith;simulant,"Discovery metadata only; not a prevalence, quality, or quantitative-evidence claim."
10.1016/j.actaastro.2025.08.012,3D printing LDPE/lunar regolith simulant composite: manufacturing with in-situ resources on the moon,2025,Acta Astronautica,S. Moazen; F.P. Gosselin; I. Tabiai; M. Dubé,journal-article,https://doi.org/10.1016/j.actaastro.2025.08.012,VERIFIED_CROSSREF,Q09;Q10;Q11;Q12;Q14,composite;lunar;manufactur;moon;printing;regolith;simulant,"Discovery metadata only; not a prevalence, quality, or quantitative-evidence claim."
10.1016/j.actaastro.2025.08.047,A review of selective laser sintering/melting techniques for lunar construction,2025,Acta Astronautica,I.A. Agapkin; E.N. Slyuta,journal-article,https://doi.org/10.1016/j.actaastro.2025.08.047,VERIFIED_CROSSREF,Q04;Q05;Q12;parent_registry_v323,,"Legacy curated metadata; not a prevalence, quality, or quantitative-evidence claim."
10.1016/j.addlet.2025.100297,Toward sustainable additive manufacturing of PEKK/Martian regolith composite for lightweight structural applications on Mars,2025,Additive Manufacturing Letters,Farshad Malekpour; Marjan Abdali; Mehdi Hojjati; Krzysztof Skonieczny,journal-article,https://doi.org/10.1016/j.addlet.2025.100297,VERIFIED_CROSSREF,Q11,additive;composite;manufactur;regolith,"Discovery metadata only; not a prevalence, quality, or quantitative-evidence claim."
10.1016/j.addma.2025.104657,A novel 3D printing scheme for lunar construction with extremely low binder utilization,2025,Additive Manufacturing,Zifan Geng; Zhiwen Wu; Xiangyu Wang; Lizhi Zhang; Wei She; Ming Jen Tan,journal-article,https://doi.org/10.1016/j.addma.2025.104657,VERIFIED_CROSSREF,Q11,additive;construction;lunar;manufactur;printing,"Discovery metadata only; not a prevalence, quality, or quantitative-evidence claim."
10.1016/j.addma.2025.104711,Laser additive manufacturing of lunar regolith simulant: New insights from in situ synchrotron X-ray imaging,2025,Additive Manufacturing,Caterina Iantaffi; Chu Lun Alex Leung; George Maddison; Eral Bele; Samy Hocine; Rob Snell,journal-article,https://doi.org/10.1016/j.addma.2025.104711,VERIFIED_CROSSREF,Q11;Q12,additive;laser;lunar;manufactur;regolith;simulant,"Discovery metadata only; not a prevalence, quality, or quantitative-evidence claim."
10.1016/j.addma.2025.104863,Magnetic beneficiation – A novel approach to facilitate additive manufacturing of lunar regolith ceramics by vat photopolymerization,2025,Additive Manufacturing,Maxim Isachenkov; Antonio Mattia Grande; Marco Mariani; Nora Lecis; Riccardo Casati; Laura Silvestroni,journal-article,https://doi.org/10.1016/j.addma.2025.104863,VERIFIED_CROSSREF,Q11;parent_registry_v323,,"Legacy curated metadata; not a prevalence, quality, or quantitative-evidence claim."
10.1016/j.amf.2025.200225,Additive Manufacturing of Lunar Regolith: A Review,2025,Additive Manufacturing Frontiers,Wucheng Sun; Fen Dang; Yan Zhou; Shifeng Wen; Cheng Zhou; Yusheng Shi,journal-article,https://doi.org/10.1016/j.amf.2025.200225,VERIFIED_CROSSREF,Q11;parent_registry_v323,,"Legacy curated metadata; not a prevalence, quality, or quantitative-evidence claim."
10.1016/j.amf.2025.200226,Laser Melting vs. Laser Sintering: Large Area Heat Processing of Lunar South Pole Simulant,2025,Additive Manufacturing Frontiers,Juan-Carlos Ginés-Palomares; Julian Baasch; Simon Stapperfend; Leonardo Facchini; Stefan Linke; Enrico Stoll,journal-article,https://doi.org/10.1016/j.amf.2025.200226,VERIFIED_CROSSREF,Q05;Q11,additive;laser;lunar;manufactur;melt;simulant;sinter,"Discovery metadata only; not a prevalence, quality, or quantitative-evidence claim."
10.1016/j.amf.2025.200227,Melt Pool Stability during Local Laser Melting of Lunar Regolith with Large Laser Spots and Varying Gravity,2025,Additive Manufacturing Frontiers,Juan-Carlos Ginés-Palomares; Leonardo Facchini; Janka Wilbig; Andrea Zocca; Enrico Stoll; Jens Günster,journal-article,https://doi.org/10.1016/j.amf.2025.200227,VERIFIED_CROSSREF,Q05;Q11;Q12,additive;laser;lunar;manufactur;melt;regolith,"Discovery metadata only; not a prevalence, quality, or quantitative-evidence claim."
10.1016/j.amf.2025.200233,Additive Manufacturing of Lunar Regolith via Resin-Based Binder and Material Extrusion Method for High-Performance In-Situ Manufacturing on the Moon,2025,Additive Manufacturing Frontiers,Tongcai Wang; Guangshuai Gu; Rihan Zhang; Qianshun Cui; Gong Wang,journal-article,https://doi.org/10.1016/j.amf.2025.200233,VERIFIED_CROSSREF,Q11;Q12;Q14;parent_registry_v323,,"Legacy curated metadata; not a prevalence, quality, or quantitative-evidence claim."
10.1016/j.amf.2025.200238,Review of Lunar Regolith Forming Technologies for In-Situ Manufacturing/Construction on the Lunar Surface,2025,Additive Manufacturing Frontiers,Rihan Zhang; Tongcai Wang; Gong Wang,journal-article,https://doi.org/10.1016/j.amf.2025.200238,VERIFIED_CROSSREF,Q01;Q02;Q04;Q05;Q06;Q08;Q11;Q12;Q13;Q14;Q15;parent_registry_v323,,"Legacy curated metadata; not a prevalence, quality, or quantitative-evidence claim."
10.1016/j.asr.2024.09.030,Flash sintering of HUST-1 lunar regolith simulant: Effects of processing temperature on microstructure characteristics and mechanical properties,2025,Advances in Space Research,Fen Dang; Yan Zhou; Zekai Wang; Yuan Li; Penglin Wang; Cheng Zhou,journal-article,https://doi.org/10.1016/j.asr.2024.09.030,VERIFIED_CROSSREF,Q01;Q02;Q03;Q04;Q05;Q07;Q10;Q14,lunar;regolith;simulant;sinter,"Discovery metadata only; not a prevalence, quality, or quantitative-evidence claim."
10.1016/j.asr.2024.09.031,Discrete element modeling of JLU-H lunar highland simulant,2025,Advances in Space Research,Xumin Sun; Rui Zhang; Hua Zhang; Zhenyu Hu; Weijun Wang; Meng Zou,journal-article,https://doi.org/10.1016/j.asr.2024.09.031,VERIFIED_CROSSREF,Q09,lunar;simulant,"Discovery metadata only; not a prevalence, quality, or quantitative-evidence claim."
10.1016/j.asr.2024.09.058,Melting properties of lunar regolith simulant for in-situ construction,2025,Advances in Space Research,Yiwei Liu; Xian Zhang; Chen Wang; Ting Gao; Chao Wang; Qinggong Wang,journal-article,https://doi.org/10.1016/j.asr.2024.09.058,VERIFIED_CROSSREF,Q04;Q05;Q08;Q10;Q11;Q12;Q13;Q14;Q15,construction;lunar;melt;regolith;simulant,"Discovery metadata only; not a prevalence, quality, or quantitative-evidence claim."
10.1016/j.asr.2025.01.042,Thermally induced polymeric bonding of LMS-1 lunar regolith simulant,2025,Advances in Space Research,Ranya A. Zina; Thomas Grippi; Julio R. Valdes,journal-article,https://doi.org/10.1016/j.asr.2025.01.042,VERIFIED_CROSSREF,Q03;Q09;Q10,lunar;regolith;simulant,"Discovery metadata only; not a prevalence, quality, or quantitative-evidence claim."
10.1016/j.asr.2025.05.042,Preparation and characterization of highland lunar regolith simulant NEU-2,2025,Advances in Space Research,Jie Zhang; Detian Li; Kaiyu Xie; Chengdan He; Jingyu Li; Jin Wang,journal-article,https://doi.org/10.1016/j.asr.2025.05.042,VERIFIED_CROSSREF,Q10,lunar;regolith;simulant,"Discovery metadata only; not a prevalence, quality, or quantitative-evidence claim."
10.1016/j.asr.2025.05.050,Fibers drawn out from melting lunar regolith simulant: An appealing approach to support the lunar in-situ resource utilization,2025,Advances in Space Research,Rui Wang; Guofu Qiao,journal-article,https://doi.org/10.1016/j.asr.2025.05.050,VERIFIED_CROSSREF,Q01;Q02;Q03;Q04;Q05;Q06;Q08;Q09;Q10;Q12;Q13;Q15,lunar;melt;regolith;simulant,"Discovery metadata only; not a prevalence, quality, or quantitative-evidence claim."
10.1016/j.asr.2025.06.043,Topographic assessment and estimation of in-situ construction materials for lunar launch and landing pad construction,2025,Advances in Space Research,Chinedu Okonkwo; Ibukun Awolusi; Sazzad Bin-Shafique; Sam Ximenes; Barney Gorin,journal-article,https://doi.org/10.1016/j.asr.2025.06.043,VERIFIED_CROSSREF,Q08;Q13;parent_registry_v323,,"Legacy curated metadata; not a prevalence, quality, or quantitative-evidence claim."
10.1016/j.asr.2025.09.052,"Physical, mechanical, and microstructural characterization of NUW-LHT-5M lunar highland simulant through spark plasma sintering",2025,Advances in Space Research,In Kyu Jeon; Yong-Rak Kim; Douglas L. Rickman,journal-article,https://doi.org/10.1016/j.asr.2025.09.052,VERIFIED_CROSSREF,Q03;parent_registry_v323,,"Legacy curated metadata; not a prevalence, quality, or quantitative-evidence claim."
10.1016/j.autcon.2025.106486,Earth-based unmanned solar sintering system for lunar bricks with regolith simulant,2025,Automation in Construction,Cheng Zhou; Yanan Lu; Yuyue Gao; Yan Zhou; Shifeng Wen; Lieyun Ding,journal-article,https://doi.org/10.1016/j.autcon.2025.106486,VERIFIED_CROSSREF,Q01;Q02;Q03;Q04;Q05;Q07;Q08;Q09;Q10;Q11;Q12;Q13;Q14;Q15;parent_registry_v323,,"Legacy curated metadata; not a prevalence, quality, or quantitative-evidence claim."
10.1016/j.bgtech.2025.100197,3D printing lunar regolith simulant with microbial-carbonated magnesium oxide,2025,Biogeotechnics,Hanlong Liu; Yang Xiao; Jinquan Shi; Baofeng Cao; Junbo Sun,journal-article,https://doi.org/10.1016/j.bgtech.2025.100197,VERIFIED_CROSSREF,Q01;Q02;Q03;Q04;Q06;Q08;Q09;Q10;Q12;Q15,lunar;printing;regolith;simulant,"Discovery metadata only; not a prevalence, quality, or quantitative-evidence claim."
10.1016/j.bgtech.2025.100212,"An overview on lunar regolith simulants solidification methods: integrating chemical, physical, and MICP strategies for extraterrestrial construction",2025,Biogeotechnics,Yuru Chen; Angran Tian; Gyeongjo Min; Daisuke Fukuda; Satoru Kawasaki,journal-article,https://doi.org/10.1016/j.bgtech.2025.100212,VERIFIED_CROSSREF,Q04;Q05;Q08;Q11;Q12;Q13;Q14;Q15;parent_registry_v323,,"Legacy curated metadata; not a prevalence, quality, or quantitative-evidence claim."
10.1016/j.cemconcomp.2024.105840,"Impacts of thermal activation on lunar regolith simulant-based precursor and resulting geopolymer: Composition, structure, solubility, and reactivity",2025,Cement and Concrete Composites,Guangjie Xue; Guofu Qiao,journal-article,https://doi.org/10.1016/j.cemconcomp.2024.105840,VERIFIED_CROSSREF,Q06;Q07;Q09;Q10;parent_registry_v323,,"Legacy curated metadata; not a prevalence, quality, or quantitative-evidence claim."
10.1016/j.ceramint.2025.03.050,Additive manufacturing of lunar regolith simulant lightweight structures based on triply periodic minimal surface lattices for energy absorption and thermal insulation,2025,Ceramics International,Haoming Chen; Haidong Wu; Hanjing Fan; Liang Wang; Zibin Zeng; Xiao Zong,journal-article,https://doi.org/10.1016/j.ceramint.2025.03.050,VERIFIED_CROSSREF,Q10;Q11,additive;lunar;manufactur;regolith;simulant,"Discovery metadata only; not a prevalence, quality, or quantitative-evidence claim."
10.1016/j.compositesa.2025.108989,Lunar regolith simulant-derived 3D-printed geopolymers with optimized mechanical and thermal management properties,2025,Composites Part A: Applied Science and Manufacturing,Yifan Sun; Siqi Ma; Qingze Chen; Guoliang Chen; Peigang He; Yaming Wang,journal-article,https://doi.org/10.1016/j.compositesa.2025.108989,VERIFIED_CROSSREF,Q03;Q10;Q11;Q14,composite;geopolymer;lunar;manufactur;regolith;simulant,"Discovery metadata only; not a prevalence, quality, or quantitative-evidence claim."
10.1016/j.compositesb.2024.111949,"Coupling thermodynamic modelling with experimental study to reveal the evolutionary relationship of pore solutions, products, and compressive strength for lunar regolith simulant geopolymers",2025,Composites Part B: Engineering,Guangjie Xue; Guofu Qiao,journal-article,https://doi.org/10.1016/j.compositesb.2024.111949,VERIFIED_CROSSREF,Q01;Q02;Q06;Q07;Q08;Q10;parent_registry_v323,,"Legacy curated metadata; not a prevalence, quality, or quantitative-evidence claim."
10.1016/j.conbuildmat.2025.140391,"Microwave sintering of HUST-2 lunar highland regolith simulant: Effects on microstructure evolution, mechanical and thermal properties",2025,Construction and Building Materials,Zekai Wang; Zuchen Zheng; Linxuan Jiang; Yiheng Qin; Jingxian Zhu; Yan Zhou,journal-article,https://doi.org/10.1016/j.conbuildmat.2025.140391,VERIFIED_CROSSREF,Q01;Q02;Q03;Q04;Q05;Q07;Q08;Q10;Q11;Q12;Q13;Q14;Q15;parent_registry_v323,,"Legacy curated metadata; not a prevalence, quality, or quantitative-evidence claim."
10.1016/j.conbuildmat.2025.141355,"Lunar regolith simulant-based geopolymer products prepared by the cold-sintering process: Evolution of pore water distribution, reaction products, microstructure and performance",2025,Construction and Building Materials,Guangjie Xue; Guofu Qiao,journal-article,https://doi.org/10.1016/j.conbuildmat.2025.141355,VERIFIED_CROSSREF,Q01;Q02;Q03;Q04;Q05;Q06;Q07;Q08;Q10;Q11;Q12;Q13;Q14;Q15;parent_registry_v323,,"Legacy curated metadata; not a prevalence, quality, or quantitative-evidence claim."
10.1016/j.conbuildmat.2025.142618,Vacuum sintering of HUST-1 lunar regolith simulants with different particle sizes,2025,Construction and Building Materials,Wenbin Han; Xinyi Li; Lixiong Cai; Yifeng Xia; Yan Zhou; Cheng Zhou,journal-article,https://doi.org/10.1016/j.conbuildmat.2025.142618,VERIFIED_CROSSREF,Q01;Q02;Q04;Q05;Q06;Q07;Q08;Q11;Q12;Q13;Q14;Q15,construction;lunar;regolith;simulant;sinter,"Discovery metadata only; not a prevalence, quality, or quantitative-evidence claim."
10.1016/j.conbuildmat.2025.142982,Characteristics of lunar regolith solidified with low binder content: Influencing factors and high-temperature - ultra-low temperature cyclic deterioration behavior,2025,Construction and Building Materials,Juanhong Liu; Huan Cheng; Xiaogang Liu; Jiyong Liang; Yang Zuo; Feiyang Qiang,journal-article,https://doi.org/10.1016/j.conbuildmat.2025.142982,VERIFIED_CROSSREF,Q04;Q05;Q06;Q08;Q11;Q12;Q13;Q14;Q15,construction;lunar;regolith,"Discovery metadata only; not a prevalence, quality, or quantitative-evidence claim."
10.1016/j.conbuildmat.2025.143072,Mechanical properties of short-age CQU-1 lunar regolith simulant geopolymer for in-Situ resource utilization,2025,Construction and Building Materials,Weibo Lu; Yu Shi; Xuanyi Xue; Honglong Li,journal-article,https://doi.org/10.1016/j.conbuildmat.2025.143072,VERIFIED_CROSSREF,Q03;Q04;Q05;Q06;Q07;Q08;Q09;Q10;Q11;Q12;Q13;Q14;Q15,construction;geopolymer;lunar;regolith;simulant,"Discovery metadata only; not a prevalence, quality, or quantitative-evidence claim."
10.1016/j.conbuildmat.2025.143205,Investigation of mechanical properties and reaction mechanisms of potassium hexatitanate whisker-reinforced geopolymers based on lunar regolith simulant,2025,Construction and Building Materials,Qinyong Ma; Chuangyu Ling; Bobo Zhang,journal-article,https://doi.org/10.1016/j.conbuildmat.2025.143205,VERIFIED_CROSSREF,Q03;Q04;Q05;Q08;Q09;Q10;Q11;Q12;Q13;Q14;Q15,construction;geopolymer;lunar;regolith;simulant,"Discovery metadata only; not a prevalence, quality, or quantitative-evidence claim."
10.1016/j.conbuildmat.2025.143672,Exploration of in-situ utilization of extraterrestrial resources: Preparation of Chang’E-5 lunar regolith simulant geopolymers modified by Al2O3 and FeTiO3 under vacuum environment,2025,Construction and Building Materials,Mengzhao Ding; Yanjie Shi; Huimin Han; Lida Luo; Qingwei Wang,journal-article,https://doi.org/10.1016/j.conbuildmat.2025.143672,VERIFIED_CROSSREF,Q04;Q05;Q08;Q10;Q11;Q12;Q13;Q14;Q15;parent_registry_v323,,"Legacy curated metadata; not a prevalence, quality, or quantitative-evidence claim."
10.1016/j.conbuildmat.2025.144695,Reactive components and alkali leaching behavior of lunar regolith simulant for geopolymer production,2025,Construction and Building Materials,Guangjie Xue; Rui Wang; Peijun Sheng; Guofu Qiao,journal-article,https://doi.org/10.1016/j.conbuildmat.2025.144695,VERIFIED_CROSSREF,Q04;Q05;Q06;Q07;Q08;Q09;Q10;Q11;Q12;Q13;Q14;Q15,construction;geopolymer;lunar;regolith;simulant,"Discovery metadata only; not a prevalence, quality, or quantitative-evidence claim."
10.1016/j.cscm.2024.e04132,"Investigating the microscopic, mechanical, and thermal properties of vacuum-sintered BH-1 lunar regolith simulant for lunar in-situ construction",2025,Case Studies in Construction Materials,Yu Jiang; Feng Li; Siqi Zhou; Li Liu,journal-article,https://doi.org/10.1016/j.cscm.2024.e04132,VERIFIED_CROSSREF,Q03;Q04;Q05;Q06;Q08;Q09;Q10;Q11;Q12;Q13;Q14;Q15;parent_registry_v323,,"Legacy curated metadata; not a prevalence, quality, or quantitative-evidence claim."
10.1016/j.cscm.2025.e04329,Effects of curing temperature on early-age mechanical property and microstructure of lunar regolith simulant geopolymer,2025,Case Studies in Construction Materials,Jianghuai Zhan; Xuanyi Xue; Jianmin Hua; Lepeng Huang,journal-article,https://doi.org/10.1016/j.cscm.2025.e04329,VERIFIED_CROSSREF,Q03;Q04;Q05;Q06;Q07;Q08;Q10;Q11;Q12;Q13;Q14;Q15,construction;geopolymer;lunar;regolith;simulant,"Discovery metadata only; not a prevalence, quality, or quantitative-evidence claim."
10.1016/j.cscm.2025.e05314,Vacuum sintering of lunar regolith simulant into homogeneous blocks: Outgassing behavior and optimized heating strategy,2025,Case Studies in Construction Materials,Young-Jae Kim; Taeil Chung; Hyunwoo Jin; Jangguen Lee; Hyu-Soung Shin,journal-article,https://doi.org/10.1016/j.cscm.2025.e05314,VERIFIED_CROSSREF,Q01;Q02;Q03;Q04;Q05;Q06;Q07;Q08;Q10;Q11;Q12;Q13;Q14;Q15,construction;lunar;regolith;simulant;sinter,"Discovery metadata only; not a prevalence, quality, or quantitative-evidence claim."
10.1016/j.cscm.2025.e05417,Dynamic mechanical properties of lunar regolith based geopolymer: Coupled effects of composition and temperature,2025,Case Studies in Construction Materials,Zihan Zhou; Xiyao Zheng; Jun Wu,journal-article,https://doi.org/10.1016/j.cscm.2025.e05417,VERIFIED_CROSSREF,Q04;Q05;Q06;Q07;Q08;Q11;Q12;Q13;Q14;Q15;parent_registry_v323,,"Legacy curated metadata; not a prevalence, quality, or quantitative-evidence claim."
10.1016/j.cscm.2025.e05449,"Effect of compaction pressure on the microstructural, mechanical, and thermal properties of microwave-sintered KLS-1 lunar regolith simulant",2025,Case Studies in Construction Materials,Young-Jae Kim; Hyunwoo Jin; Li Zhuang; Sun Yeom; Jangguen Lee; Hyu-Soung Shin,journal-article,https://doi.org/10.1016/j.cscm.2025.e05449,VERIFIED_CROSSREF,Q02;Q03;Q04;Q05;Q08;Q10;Q11;Q12;Q13;Q14;Q15,construction;lunar;microwave;regolith;simulant;sinter,"Discovery metadata only; not a prevalence, quality, or quantitative-evidence claim."
10.1016/j.engfracmech.2025.111367,Digital image correlation and high-speed photography for deformation characterization of vacuum-sintered lunar regolith simulants,2025,Engineering Fracture Mechanics,Cheng Zhou; Sheng Li; Zhuo Chen; Yan Zhou; Lieyun Ding,journal-article,https://doi.org/10.1016/j.engfracmech.2025.111367,VERIFIED_CROSSREF,Q06,lunar;regolith;simulant;sinter,"Discovery metadata only; not a prevalence, quality, or quantitative-evidence claim."
10.1016/j.engstruct.2025.121278,Behaviour of lunar regolith simulant geopolymer-filled aluminium alloy circular hollow section and square hollow section stub columns,2025,Engineering Structures,Shuai Li; Xuanyi Xue; Jianghuai Zhan; Tak-Ming Chan; Ben Young,journal-article,https://doi.org/10.1016/j.engstruct.2025.121278,VERIFIED_CROSSREF,Q06;Q07;Q10,geopolymer;lunar;regolith;simulant,"Discovery metadata only; not a prevalence, quality, or quantitative-evidence claim."
10.1016/j.fuel.2024.133722,In-situ thermite combustion of micro magnesium fuel and lunar regolith simulant nanoparticles,2025,Fuel,Connor J. MacRobbie; Anqi Wang; Jean-Pierre Hickey; John Z. Wen,journal-article,https://doi.org/10.1016/j.fuel.2024.133722,VERIFIED_CROSSREF,Q03;Q09;Q10;Q12,lunar;regolith;simulant,"Discovery metadata only; not a prevalence, quality, or quantitative-evidence claim."
10.1016/j.icarus.2024.116405,Small-strain thermo-mechanical performance of lunar mare and highlands regolith simulants under Earth's atmospheric pressure and in vacuum,2025,Icarus,Mehran Pourakbar; Yumeng Zhao; Douglas D. Cortes; Sheng Dai,journal-article,https://doi.org/10.1016/j.icarus.2024.116405,VERIFIED_CROSSREF,Q06;Q14,lunar;regolith;simulant,"Discovery metadata only; not a prevalence, quality, or quantitative-evidence claim."
10.1016/j.icarus.2025.116542,Measurement of the three-dimensional shape and size distribution of 17 lunar regolith simulants: Simulant shape and size inter-comparison and simulant shape comparison with Apollo 11 and Apollo 14 lunar regolith,2025,Icarus,O.L. Kafka; N.H. Moser; A.N. Chiaramonti; E.J. Garboczi; R.P. Wilkerson; D.L. Rickman,journal-article,https://doi.org/10.1016/j.icarus.2025.116542,VERIFIED_CROSSREF,Q01;Q02;Q03;Q04;Q05;Q06;Q07;Q08;Q09;Q10;Q11;Q12;Q13;Q14;Q15,lunar;regolith;simulant,"Discovery metadata only; not a prevalence, quality, or quantitative-evidence claim."
10.1016/j.icarus.2025.116703,Gas permeability of BP-1 lunar regolith simulant at sub-atmospheric pressures,2025,Icarus,D.P. Batcheldor; J.G. Mantovani; A.R. Atkins; B.A. Kemmerer; A.G. Langton,journal-article,https://doi.org/10.1016/j.icarus.2025.116703,VERIFIED_CROSSREF,Q03;Q09;Q10,lunar;regolith;simulant,"Discovery metadata only; not a prevalence, quality, or quantitative-evidence claim."
10.1016/j.icarus.2025.116764,Developing a high-fidelity lunar regolith simulant based on Chang'E-5 samples and remote sensing images,2025,Icarus,Chao Wang; Siji Sanlang; Xiaohua Tong; Kaihan Xu; Lu Han; Huan Xie,journal-article,https://doi.org/10.1016/j.icarus.2025.116764,VERIFIED_CROSSREF,Q10,lunar;regolith;simulant,"Discovery metadata only; not a prevalence, quality, or quantitative-evidence claim."
10.1016/j.icheatmasstransfer.2024.108544,Electromagnetic–thermal coupled modeling for optimizing the microwave sintering of homogeneous block of KLS-1 lunar regolith simulant,2025,International Communications in Heat and Mass Transfer,Gyu-Hyun Go; Hyunwoo Jin; Jangguen Lee; Young-Jae Kim; Hyu-Soung Shin,journal-article,https://doi.org/10.1016/j.icheatmasstransfer.2024.108544,VERIFIED_CROSSREF,Q01;Q02;Q03;Q04;Q05;Q10,lunar;microwave;regolith;simulant;sinter,"Discovery metadata only; not a prevalence, quality, or quantitative-evidence claim."
10.1016/j.isci.2025.114075,Quantitative measurement of changes in mechanical properties of lunar soil simulant caused by drilling disturbances,2025,iScience,Qian Li; Junping Li; Lanlan Xie; Jie Jiang,journal-article,https://doi.org/10.1016/j.isci.2025.114075,VERIFIED_CROSSREF,Q09,lunar;simulant,"Discovery metadata only; not a prevalence, quality, or quantitative-evidence claim."
10.1016/j.jeurceramsoc.2024.117047,Sintering of lunar regolith simulants using a domestic microwave: A rapid and energy-efficient strategy for construction material fabrication,2025,Journal of the European Ceramic Society,Zhen Liu; Jinping Li; Xuan Yang; Yongwen Ding; Songhe Meng,journal-article,https://doi.org/10.1016/j.jeurceramsoc.2024.117047,VERIFIED_CROSSREF,Q01;Q02;Q04;Q05;Q07;Q08;Q12;Q15,construction;lunar;microwave;regolith;simulant;sinter,"Discovery metadata only; not a prevalence, quality, or quantitative-evidence claim."
10.1016/j.jmrt.2025.03.047,Enhanced in-situ utilization of lunar simulant for fibre-reinforced high-performance concrete: Mechanical properties and cost-effectiveness for lunar applications,2025,Journal of Materials Research and Technology,Ruizhe Shao; Chengqing Wu; Jun Li,journal-article,https://doi.org/10.1016/j.jmrt.2025.03.047,VERIFIED_CROSSREF,Q09,lunar;simulant,"Discovery metadata only; not a prevalence, quality, or quantitative-evidence claim."
10.1016/j.jmrt.2025.04.060,Investigation of the melting behavior of laser-melted lunar regolith simulant for in-situ construction,2025,Journal of Materials Research and Technology,Fen Dang; Zekai Wang; Yuan Li; Wucheng Sun; Yan Zhou; Cheng Zhou,journal-article,https://doi.org/10.1016/j.jmrt.2025.04.060,VERIFIED_CROSSREF,Q04;Q05;Q08;Q10;Q12;Q13;Q15,construction;laser;lunar;melt;regolith;simulant,"Discovery metadata only; not a prevalence, quality, or quantitative-evidence claim."
10.1016/j.jnoncrysol.2025.123707,Effects of electron irradiation on fibers prepared from the self-developed Chang’E-5 lunar regolith simulant,2025,Journal of Non-Crystalline Solids,Mengzhao Ding; Yanjie Shi; Lida Luo; Qingwei Wang,journal-article,https://doi.org/10.1016/j.jnoncrysol.2025.123707,VERIFIED_CROSSREF,Q10,lunar;regolith;simulant,"Discovery metadata only; not a prevalence, quality, or quantitative-evidence claim."
10.1016/j.jobe.2025.112209,Multiscale study of microstructural evolution in alkali-activated lunar regolith simulant under in-situ lunar temperatures: Insight into the reaction mechanism,2025,Journal of Building Engineering,Yizhou Yao; Chao Liu; Huawei Liu; Xianqin Chen; Xin Li; Tilin Wang,journal-article,https://doi.org/10.1016/j.jobe.2025.112209,VERIFIED_CROSSREF,Q08;Q09;Q10;Q12,lunar;regolith;simulant,"Discovery metadata only; not a prevalence, quality, or quantitative-evidence claim."
10.1016/j.jobe.2025.114371,From lunar regolith samples to infrastructure: Insights into in-situ construction technologies on the moon,2025,Journal of Building Engineering,Yu Jiang; Qi Zhou; Qinxin Feng; Feng Li; Siqi Zhou,journal-article,https://doi.org/10.1016/j.jobe.2025.114371,VERIFIED_CROSSREF,verified_additional_seed,seed,"Discovery metadata only; not a prevalence, quality, or quantitative-evidence claim."
10.1016/j.jrmge.2025.01.029,Penetration and resistance characteristics of lunar regolith simulant drilling using a coupled MPM–CDEM approach,2025,Journal of Rock Mechanics and Geotechnical Engineering,Jing Li; Lixiang Wang; Chun Feng; Minjie Wen; Yiming Zhang,journal-article,https://doi.org/10.1016/j.jrmge.2025.01.029,VERIFIED_CROSSREF,Q10,lunar;regolith;simulant,"Discovery metadata only; not a prevalence, quality, or quantitative-evidence claim."
10.1016/j.matdes.2025.114605,Laser-based directed energy deposition with mullite: A necessary step for lunar regolith printing,2025,Materials &amp; Design,Ana Luisa C. de Lucena; Navid Ranjbar; Saeed Khademzadeh; Mohamad Bayat,journal-article,https://doi.org/10.1016/j.matdes.2025.114605,VERIFIED_CROSSREF,Q01;Q02;Q05,laser;lunar;printing;regolith,"Discovery metadata only; not a prevalence, quality, or quantitative-evidence claim."
10.1016/j.mfglet.2025.06.049,Carbo-thermal reduction of lunar highland regolith simulant for in-situ manufacturing of SiC,2025,Manufacturing Letters,Nithya Srimurugan; Sathyan Subbiah,journal-article,https://doi.org/10.1016/j.mfglet.2025.06.049,VERIFIED_CROSSREF,Q03;Q09;Q10;Q11;Q12,lunar;manufactur;regolith;simulant,"Discovery metadata only; not a prevalence, quality, or quantitative-evidence claim."
10.1016/j.mtadv.2025.100620,"Sintering lunar regolith pellets: a comparison of four samples from Apollo 11, 15, and 16",2025,Materials Today Advances,Bethany A. Lomax; Gabin Charpentier; Arnaud Nizet; Alexander Rützler; Alice Suarez Kahan; Francesca McDonald,journal-article,https://doi.org/10.1016/j.mtadv.2025.100620,VERIFIED_CROSSREF,Q01;Q02;Q04;Q05;Q07,lunar;regolith;sinter,"Discovery metadata only; not a prevalence, quality, or quantitative-evidence claim."
10.1016/j.powtec.2024.120460,Soil flow behavior in baffled rotary drum based icy lunar regolith simulant preparation,2025,Powder Technology,Zhiheng Zhang; Guanxin Chi; Junyue Tang; Shengyuan Jiang; Ye Tian; Weiwei Zhang,journal-article,https://doi.org/10.1016/j.powtec.2024.120460,VERIFIED_CROSSREF,Q09;Q10,lunar;regolith;simulant,"Discovery metadata only; not a prevalence, quality, or quantitative-evidence claim."
10.1016/j.pss.2024.106011,The effectiveness of microwave heating as an ISRU extraction technique on different arrangements of icy lunar regolith,2025,Planetary and Space Science,James D. Cole; Simon Sheridan; Sungwoo Lim; Hannah M. Sargeant; Mahesh Anand; Hannah Chinnery,journal-article,https://doi.org/10.1016/j.pss.2024.106011,VERIFIED_CROSSREF,Q02,lunar;microwave;regolith,"Discovery metadata only; not a prevalence, quality, or quantitative-evidence claim."
10.1016/j.pss.2025.106120,Measurement of bipolar charge distribution of lunar dust simulant under VUV irradiation,2025,Planetary and Space Science,Rémi Pacaud; Jean-Charles Matéo-Vélez; Sébastien Hess; Sylvain Ranvier,journal-article,https://doi.org/10.1016/j.pss.2025.106120,VERIFIED_CROSSREF,Q09,lunar;simulant,"Discovery metadata only; not a prevalence, quality, or quantitative-evidence claim."
10.1016/j.pss.2025.106177,Thermal and electrochemical properties of a mixture of lunar regolith simulant (FJS-1) and CaF2,2025,Planetary and Space Science,Yuta Suzuki; Seiya Tanaka; Takuya Goto,journal-article,https://doi.org/10.1016/j.pss.2025.106177,VERIFIED_CROSSREF,Q03;Q09;Q10;Q14,lunar;regolith;simulant,"Discovery metadata only; not a prevalence, quality, or quantitative-evidence claim."
10.1016/j.pss.2025.106189,Properties of novel LX lunar regolith simulant system — the base simulants: Part 2,2025,Planetary and Space Science,Joel Patzwald; Rafael Kleba-Ehrhardt; Tjorben Griemsmann; Norbert Nowaczyk; Stefan Linke; Ludger Overmeyer,journal-article,https://doi.org/10.1016/j.pss.2025.106189,VERIFIED_CROSSREF,Q03;Q10,lunar;regolith;simulant,"Discovery metadata only; not a prevalence, quality, or quantitative-evidence claim."
10.1016/j.susmat.2025.e01776,Additive manufacturing of PEKK composites with selected Martian regolith particles for in-situ resource utilization,2025,Sustainable Materials and Technologies,F. Malekpour; H. Yazdani Sarvestani; B. Ashrafi; M. Hojjati,journal-article,https://doi.org/10.1016/j.susmat.2025.e01776,VERIFIED_CROSSREF,Q11,additive;composite;manufactur;regolith,"Discovery metadata only; not a prevalence, quality, or quantitative-evidence claim."
10.1016/j.vacuum.2025.114417,Laser processing of lunar regolith simulants for beneficiation and metal extraction,2025,Vacuum,Lucas-Brian Christen; Masataka Watanabe; Hiroto Yamakami; Hokuto Sekine; Kimiya Komurasaki; Ai Momozawa,journal-article,https://doi.org/10.1016/j.vacuum.2025.114417,VERIFIED_CROSSREF,Q05;Q06;Q10,laser;lunar;regolith;simulant,"Discovery metadata only; not a prevalence, quality, or quantitative-evidence claim."
10.1029/2025je009084,Investigation of the Thermal Conductivity of Dry and Icy Lunar Regolith Simulants,2025,Journal of Geophysical Research: Planets,Henning Wache; Luca Kiewiet; Paul Zabel; Jürgen Blum,journal-article,https://doi.org/10.1029/2025je009084,VERIFIED_CROSSREF,Q10,lunar;regolith;simulant;sinter,"Discovery metadata only; not a prevalence, quality, or quantitative-evidence claim."
10.1038/s41598-025-87761-7,The viscosity and processing of molten lunar regolith,2025,Scientific Reports,James Bowen; Vibha Levin Prabhu; Sungwoo Lim; Mahesh Anand,journal-article,https://doi.org/10.1038/s41598-025-87761-7,VERIFIED_CROSSREF,Q01;Q02;Q04;Q06;Q08;Q12;Q15,construction;lunar;moon;printing;regolith;simulant,"Discovery metadata only; not a prevalence, quality, or quantitative-evidence claim."
10.1038/s43247-025-02546-0,Solar wind erosion of lunar regolith is suppressed by surface morphology and regolith properties,2025,Communications Earth &amp; Environment,Johannes Brötzner; Herbert Biber; Paul Stefan Szabo; Noah Jäggi; Lea Fuchs; Andreas Nenning,journal-article,https://doi.org/10.1038/s43247-025-02546-0,VERIFIED_CROSSREF,Q04,lunar;moon;regolith;solar,"Discovery metadata only; not a prevalence, quality, or quantitative-evidence claim."
10.1093/mam/ozaf048.309,EBSD Crystallographic and Microstructure Characterization of Laser 3D-Printed Lunar Regolith Simulants for Off-World Construction,2025,Microscopy and Microanalysis,Tirzah M Abbott; Laura L Gardner; Katie Koube; Valerie Svaldi; Thao Nguyen; Jennifer Edmunson,journal-article,https://doi.org/10.1093/mam/ozaf048.309,VERIFIED_CROSSREF,Q04;Q05;Q08;Q12;Q13;Q15,construction;laser;lunar;regolith;simulant,"Discovery metadata only; not a prevalence, quality, or quantitative-evidence claim."
10.1093/mnras/staf380,High-resolution thermal profiles of lunar regolith over a southern high latitude location using <i>in situ</i> observations from ChaSTE/Chandrayaan-3 lander,2025,Monthly Notices of the Royal Astronomical Society,R Renju; C Suresh Raju; Manoj Kumar Mishra,journal-article,https://doi.org/10.1093/mnras/staf380,VERIFIED_CROSSREF,Q12,lunar;regolith;solar,"Discovery metadata only; not a prevalence, quality, or quantitative-evidence claim."
10.1109/lgrs.2025.3564908,Re-Evaluation of Lunar Regolith Thickness Using Relative Microwave Brightness Temperature of Chang’E-2 Microwave Radiometer,2025,IEEE Geoscience and Remote Sensing Letters,Meng Lv; Qianyun Mao; Wenchao Zheng; Guoping Hu,journal-article,https://doi.org/10.1109/lgrs.2025.3564908,VERIFIED_CROSSREF,Q02,lunar;microwave;regolith,"Discovery metadata only; not a prevalence, quality, or quantitative-evidence claim."
10.1111/jace.20566,Melting and solidifying behavior of lunar regolith simulant under a vacuum environment,2025,Journal of the American Ceramic Society,Ze‐Shi Guo; Meng Li; Dan Xing; Cun‐Guang Liang; Bin Hao; Peng‐Cheng Ma,journal-article,https://doi.org/10.1111/jace.20566,VERIFIED_CROSSREF,Q05;Q06;Q10,construction;lunar;melt;moon;regolith;simulant,"Discovery metadata only; not a prevalence, quality, or quantitative-evidence claim."
10.1111/maps.14311,Tissintite‐<scp>II</scp> in lunar meteorite Northwest Africa 13967: Implications for the high pressure/temperature mineralogy of the lunar regolith,2025,Meteoritics &amp; Planetary Science,Axel Wittmann; Christian R. Kroemer; Meenakshi Wadhwa; Thomas G. Sharp; Matthijs Van Soest; Trevor Martin,journal-article,https://doi.org/10.1111/maps.14311,VERIFIED_CROSSREF,Q06,lunar;melt;moon;regolith,"Discovery metadata only; not a prevalence, quality, or quantitative-evidence claim."
10.1134/s0038094624602202,Development of Lunar Soil Simulant for Sintering Experiments,2025,Solar System Research,I. A. Agapkin; E. M. Sorokin; E. V. Matveev,journal-article,https://doi.org/10.1134/s0038094624602202,VERIFIED_CROSSREF,Q04;Q09,lunar;simulant;sinter;solar,"Discovery metadata only; not a prevalence, quality, or quantitative-evidence claim."
10.1149/ma2025-02673242mtgabs,Electrochemical Oxygen Evolution from Lunar Regolith Simulant by La-Based Perovskite Oxide Electrode,2025,ECS Meeting Abstracts,Seiya Tanaka; Yuta Suzuki; Yasuhiro Fukunaka; Takuya Goto,journal-article,https://doi.org/10.1149/ma2025-02673242mtgabs,VERIFIED_CROSSREF,Q09;Q10,composite;lunar;melt;regolith;simulant,"Discovery metadata only; not a prevalence, quality, or quantitative-evidence claim."
10.1186/s40694-025-00201-z,Biomining of lunar regolith simulant EAC-1 A with the fungus Penicillium simplicissimum,2025,Fungal Biology and Biotechnology,João Figueira; Stella Koch; Daniel W. Müller; Sebastian Slawik; Aidan Cowley; Ralf Moeller,journal-article,https://doi.org/10.1186/s40694-025-00201-z,VERIFIED_CROSSREF,Q10,lunar;regolith;simulant,"Discovery metadata only; not a prevalence, quality, or quantitative-evidence claim."
10.1515/htmp-2024-0068,Thermal conductivity of lunar regolith simulant using a thermal microscope,2025,High Temperature Materials and Processes,Naoto Kudo; Shunsuke Watanabe; Tsuyoshi Nishi; Hiromichi Ohta; Sumitaka Tachikawa; Rie Endo,journal-article,https://doi.org/10.1515/htmp-2024-0068,VERIFIED_CROSSREF,Q03;Q06;Q09;Q10;parent_registry_v323,,"Legacy curated metadata; not a prevalence, quality, or quantitative-evidence claim."
10.15199/33.2025.06.14,Preliminary feasibility analysis of microwave sintering of lunar regolith simulant at glass softening temperature,2025,MATERIAŁY BUDOWLANE,Marcin Kaczmarzyk,journal-article,https://doi.org/10.15199/33.2025.06.14,VERIFIED_CROSSREF,Q01;Q02;Q03;Q04;Q05;Q06;Q07;Q08;Q09;Q10;Q11;Q12;Q13;Q14;Q15;parent_registry_v323,,"Legacy curated metadata; not a prevalence, quality, or quantitative-evidence claim."
10.3389/fspas.2025.1670807,Genotype selection and microbial partnerships influence chickpea establishment in lunar regolith simulant,2025,Frontiers in Astronomy and Space Sciences,Jessica Atkin; Hikari Skabelund; Elizabeth Pierson; Shuyang Zhen; George J. Vandemark; Terry Gentry,journal-article,https://doi.org/10.3389/fspas.2025.1670807,VERIFIED_CROSSREF,Q10,lunar;regolith;simulant,"Discovery metadata only; not a prevalence, quality, or quantitative-evidence claim."
10.3390/aerospace12080733,Microwave-Assisted Tunnel Boring for Lunar Subsurface Development: Integration of Rock Weakening and Strength Prediction,2025,Aerospace,Tae Young Ko,journal-article,https://doi.org/10.3390/aerospace12080733,VERIFIED_CROSSREF,Q02,construction;lunar;microwave;moon;regolith,"Discovery metadata only; not a prevalence, quality, or quantitative-evidence claim."
10.3390/aerospace12090781,A Lunar Landing Pad from IRSU Materials: Design and Validation of a Structural Element,2025,Aerospace,A. Pastore; M. Agozzino; C. G. Ferro,journal-article,https://doi.org/10.3390/aerospace12090781,VERIFIED_CROSSREF,Q08;Q13,composite;landing pad;lunar;manufactur;melt;regolith,"Discovery metadata only; not a prevalence, quality, or quantitative-evidence claim."
10.3390/aerospace12110947,Lunar Robotic Construction System Using Raw Regolith: Design Conceptualization,2025,Aerospace,Ketan Vasudeva; M. Reza Emami,journal-article,https://doi.org/10.3390/aerospace12110947,VERIFIED_CROSSREF,Q01;Q02;Q04;Q05;Q06;Q08;Q11;Q12;Q13;Q14;Q15,construction;landing pad;lunar;moon;regolith,"Discovery metadata only; not a prevalence, quality, or quantitative-evidence claim."
10.3390/app15020679,Regolith-Rich PEEK Composite Bricks: Steps Towards Space-Ready Lunar Construction Materials,2025,Applied Sciences,Roberto Torre; Carlo Giovanni Ferro; Lorenzo Bono; Aidan Cowley,journal-article,https://doi.org/10.3390/app15020679,VERIFIED_CROSSREF,Q04;Q05;Q08;Q11;Q12;Q13;Q14;Q15,composite;construction;lunar;manufactur;regolith,"Discovery metadata only; not a prevalence, quality, or quantitative-evidence claim."
10.3390/app15137553,Research on the Compactness of Lunar Soil Simulant Based on Static Cone Penetration Test,2025,Applied Sciences,Yuxin Zhang; Hui Gao; Xiaohong Fang; Shuting Xing; Long Xiao; Longchen Duan,journal-article,https://doi.org/10.3390/app15137553,VERIFIED_CROSSREF,Q09,lunar;simulant,"Discovery metadata only; not a prevalence, quality, or quantitative-evidence claim."
10.3390/atmos16070823,Estimates of Isotope Ratios in the Magnetosphere and Implications for Implantation of Atmosphere in Lunar Regolith,2025,Atmosphere,James R. Lyons; Sarah Uddin,journal-article,https://doi.org/10.3390/atmos16070823,VERIFIED_CROSSREF,Q15,lunar;moon;regolith;solar,"Discovery metadata only; not a prevalence, quality, or quantitative-evidence claim."
10.3390/buildings15111815,Review of In Situ Resource Utilization-Based Biocementation and Regolith Consolidation Techniques for Space Applications,2025,Buildings,Zhen Yan; Satoru Kawasaki,journal-article,https://doi.org/10.3390/buildings15111815,VERIFIED_CROSSREF,Q12,construction;moon;regolith,"Discovery metadata only; not a prevalence, quality, or quantitative-evidence claim."
10.3390/buildings15142543,Advances in Solidification Technologies of Lunar Regolith-Based Building Materials Under Extreme Lunar Environments,2025,Buildings,Jun Chen; Ruilin Li,journal-article,https://doi.org/10.3390/buildings15142543,VERIFIED_CROSSREF,Q01;Q02;Q04;Q05;Q06;Q07;Q08;Q11;Q12;Q13;Q14;Q15;parent_registry_v323,,"Legacy curated metadata; not a prevalence, quality, or quantitative-evidence claim."
10.3390/geosciences15060207,Determination of the Dynamic Angle of Repose of Lunar Regolith Simulants,2025,Geosciences,Mateusz Pawłowski; Damian Pietrusiak; Jakub Wróbel; Janusz Kozubal,journal-article,https://doi.org/10.3390/geosciences15060207,VERIFIED_CROSSREF,Q01;Q02;Q04;Q06;Q08;Q12;Q15,lunar;regolith;simulant,"Discovery metadata only; not a prevalence, quality, or quantitative-evidence claim."
10.3390/lubricants13020043,Abrasion Behaviour of Natural and Composite Polytetrafluoroethylene Seal Materials Against Stainless Steel in Lunar Regolith Conditions,2025,Lubricants,György Barkó; Gábor Kalácska; Tamás Bálint; Ádám Sarankó; Ádám Kalácska; Ewelina Ryszawa,journal-article,https://doi.org/10.3390/lubricants13020043,VERIFIED_CROSSREF,Q14,composite;lunar;regolith;simulant,"Discovery metadata only; not a prevalence, quality, or quantitative-evidence claim."
10.3390/ma18102390,Lunar Regolith Improvement by Inducing Interparticle Adhesion with Capillary Forces,2025,Materials,Karol Brzeziński; Joanna Julia Sokołowska; Bartłomiej Przybyszewski,journal-article,https://doi.org/10.3390/ma18102390,VERIFIED_CROSSREF,Q01;Q02;Q04;Q06;Q08;Q12;Q13;Q15,lunar;moon;regolith;simulant,"Discovery metadata only; not a prevalence, quality, or quantitative-evidence claim."
10.3390/ma18194442,Effect of Basalt Fiber Content on Mechanical Properties of Lunar Regolith Simulant Geopolymer Under Static Loading,2025,Materials,Jianghuai Zhan; Haolan Yi; Neng Wang; Fei Wang; Shuai Li; Jianmin Hua,journal-article,https://doi.org/10.3390/ma18194442,VERIFIED_CROSSREF,Q03;Q06;Q07;Q09;Q10;Q14,construction;geopolymer;lunar;regolith;simulant,"Discovery metadata only; not a prevalence, quality, or quantitative-evidence claim."
10.3390/plants14071046,Improving Lunar Soil Simulant for Plant Cultivation: Earthworm-Mediated Organic Waste Integration and Plant-Microbe Interactions,2025,Plants,Zhongfu Wang; Sihan Hou; Boyang Liao; Zhikai Yao; Yuting Zhu; Hong Liu,journal-article,https://doi.org/10.3390/plants14071046,VERIFIED_CROSSREF,Q09,lunar;moon;simulant,"Discovery metadata only; not a prevalence, quality, or quantitative-evidence claim."
10.3390/rs17203450,Resource-Constrained 3D Volume Estimation of Lunar Regolith Particles from 2D Imagery for In Situ Dust Characterization in a Lunar Payload,2025,Remote Sensing,Filip Wylęgała; Tadeusz Uhl,journal-article,https://doi.org/10.3390/rs17203450,VERIFIED_CROSSREF,Q01;Q02;Q04;Q06;Q08;Q11;Q12;Q13;Q15,construction;lunar;regolith;simulant,"Discovery metadata only; not a prevalence, quality, or quantitative-evidence claim."
10.3390/su17167260,Starch-Regolith Aerogel Bricks as a Sustainable Building Material for In Situ Extraterrestrial Constructions,2025,Sustainability,Christophe Bliard; Chadi Maalouf; Mohammed Lachi; Virginie Bogard; Sébastien Murer; Fabien Beaumont,journal-article,https://doi.org/10.3390/su17167260,VERIFIED_CROSSREF,Q15,composite;construction;lunar;moon;regolith;simulant,"Discovery metadata only; not a prevalence, quality, or quantitative-evidence claim."
10.3390/w17182777,The Research on H2O Adsorption Characteristics of Lunar Regolith Simulants: Implications for the Development and Utilization of Lunar Water Resources,2025,Water,Yanan Zhang; Ziheng Liu; Rongji Li; Xinyu Huang; Jiannan Li; Ye Tian,journal-article,https://doi.org/10.3390/w17182777,VERIFIED_CROSSREF,Q06,lunar;regolith;simulant,"Discovery metadata only; not a prevalence, quality, or quantitative-evidence claim."
10.34133/research.0800,Massive Water Production from Cryogenic Icy Lunar Regolith by a Microwave Heating Method,2025,Research,Qinggong Wang; Yong Pang; Juping Gu; Zhongxian Zhao; Qichen Sun; Mengfei Yang,journal-article,https://doi.org/10.34133/research.0800,VERIFIED_CROSSREF,Q02,lunar;microwave;moon;regolith;simulant,"Discovery metadata only; not a prevalence, quality, or quantitative-evidence claim."
10.3724/j.gyjzg24110702,Preparation of a Lunar Regolith Simulant for In-Situ Construction Research: TC-1C,2025,Industrial Construction,Charun BAO; Daobo ZHANG; Xiao ZHI; Zhongcheng MA; Peng FENG; Hao WU,journal-article,https://doi.org/10.3724/j.gyjzg24110702,VERIFIED_CROSSREF,Q04;Q05;Q08;Q09;Q10;Q11;Q12;Q13;Q14;Q15,construction;lunar;regolith;simulant,"Discovery metadata only; not a prevalence, quality, or quantitative-evidence claim."
10.3724/j.issn.2096-9287.2025.20250009,Design of Lunar Regolith Forming System Based on Concentrated Solar Energy,2025,Journal of Deep Space of Exploration,Honglun YANG; Biao XIE; Zhe ZHANG; Tianzhu ZHANG; Feng WU; Gang PEI,journal-article,https://doi.org/10.3724/j.issn.2096-9287.2025.20250009,VERIFIED_CROSSREF,Q01;Q02;Q04,lunar;regolith;solar,"Discovery metadata only; not a prevalence, quality, or quantitative-evidence claim."
10.3847/psj/ae1576,First Passive Permittivity Measurement of Lunar Regolith Simulant at Terahertz Band,2025,The Planetary Science Journal,Makito Kobayashi; Takayoshi Yamada; Hideaki Miyamoto; Tomohiro Takemura; Airi Toida; Yasuko Kasai,journal-article,https://doi.org/10.3847/psj/ae1576,VERIFIED_CROSSREF,Q09;Q10,lunar;regolith;simulant,"Discovery metadata only; not a prevalence, quality, or quantitative-evidence claim."
10.3847/psj/ae1baa,Effect of Regolith–Ice Stratigraphy and Laser Weathering on Ultraviolet–Visible–Near-infrared Detection of Lunar Water Ice,2025,The Planetary Science Journal,Abhay Vidwans; Jeffrey Gillis,journal-article,https://doi.org/10.3847/psj/ae1baa,VERIFIED_CROSSREF,Q05,laser;lunar;moon;regolith,"Discovery metadata only; not a prevalence, quality, or quantitative-evidence claim."
10.4028/p-it6tsl,Establishing a Tribo-System to Study the Frictional Effects of Lunar Regolith,2025,Defect and Diffusion Forum,Bahram Turapov; Gabor Kalacska; Róbert Keresztes,journal-article,https://doi.org/10.4028/p-it6tsl,VERIFIED_CROSSREF,Q01;Q08;Q15,lunar;regolith;simulant,"Discovery metadata only; not a prevalence, quality, or quantitative-evidence claim."
10.4186/ej.2025.29.2.81,Development and PCA Evaluation of Lunar Mortar Compositions from Lunar Simulant and Potato-Based Materials,2025,Engineering Journal,Sutatta Tayadhammadhat; Theingi Nwe; Supan Yodyingyong; Wares Chancharoen; Sarinya Paisarnsombat,journal-article,https://doi.org/10.4186/ej.2025.29.2.81,VERIFIED_CROSSREF,Q09,lunar;simulant,"Discovery metadata only; not a prevalence, quality, or quantitative-evidence claim."
10.52261/02346206_2025_4c3_24,ОСОБЕННОСТИ ТЕХНОЛОГИИ СЛС ПРИ СПЛАВЛЕНИИ ПРИРОДНОГО МАТЕРИАЛА – ЛУННОГО РЕГОЛИТА,2025,Проблемы машиностроения и автоматизации,А.М. Лысенко; Т.М. Томилина; П.Р. Савватимова,journal-article,https://doi.org/10.52261/02346206_2025_4c3_24,VERIFIED_CROSSREF,Q05,additive;laser;lunar;melt;regolith;simulant,"Discovery metadata only; not a prevalence, quality, or quantitative-evidence claim."
10.53469/jpce.2025.07(01).07,Material Extrusion Additive Manufacturing of Lunar Soil Simulant Brick,2025,Journal of Progress in Civil Engineering,Ailing Xun; Yingyu Chen; Lu Zhang; Chao Xu; Meng Zou; Luquan Ren,journal-article,https://doi.org/10.53469/jpce.2025.07(01).07,VERIFIED_CROSSREF,Q09,additive;construction;lunar;manufactur;moon;printing;simulant;sinter,"Discovery metadata only; not a prevalence, quality, or quantitative-evidence claim."
10.5817/cpr2024-2-15,Chemical analysis of Antarctic regolith and lunar regolith simulant as prospective substrates for experiments with plants,2025,Czech Polar Reports,Pavel Coufalík; Hector-Andreas Stavrakakis; Dimitra Argyrou,journal-article,https://doi.org/10.5817/cpr2024-2-15,VERIFIED_CROSSREF,Q01;Q02;Q03;Q04;Q05;Q06;Q07;Q08;Q09;Q10;Q11;Q12;Q13;Q14;Q15,lunar;regolith;simulant,"Discovery metadata only; not a prevalence, quality, or quantitative-evidence claim."
10.70156/1754-2383.1538,Mechanical properties of Sintered Lunar Regolith Simulant LHS-1 when moulded under different temperatures and time at constant pressure,2025,The Plymouth Student Scientist,Jasper Stevens,journal-article,https://doi.org/10.70156/1754-2383.1538,VERIFIED_CROSSREF,Q03;Q09;Q10;Q14;parent_registry_v323,,"Legacy curated metadata; not a prevalence, quality, or quantitative-evidence claim."
10.1016/j.actaastro.2025.02.046,A design methodology for flat slab lunar landing and launch pad systems,2025.0,Acta Astronautica,Ian E. Jehn; Christopher B. Dreyer,journal-article,https://doi.org/10.1016/j.actaastro.2025.02.046,VERIFIED_CROSSREF,parent_registry_v323,,"Legacy curated metadata; not a prevalence, quality, or quantitative-evidence claim."
10.1016/j.vacuum.2025.114039,The carbothermal reduction of lunar regolith under high-vacuum conditions,2025.0,Vacuum,Matthew Shaw,journal-article,https://doi.org/10.1016/j.vacuum.2025.114039,VERIFIED_CROSSREF,parent_registry_v323,,"Legacy curated metadata; not a prevalence, quality, or quantitative-evidence claim."
10.1021/acs.jpcc.4c06637,Microstructure of Icy Lunar Regolith Simulants,2025.0,The Journal of Physical Chemistry C,Daniel K. M. Johnson; Emily Asenath-Smith; Ross Lieblappen,journal-article,https://doi.org/10.1021/acs.jpcc.4c06637,VERIFIED_CROSSREF,parent_registry_v323,,"Legacy curated metadata; not a prevalence, quality, or quantitative-evidence claim."
10.1061/9780784486122.019,A Discrete Event Simulation Framework for Lunar Launch and Landing Pad Construction,2025.0,Computing in Civil Engineering 2024,Chinedu Okonkwo; Ibukun Awolusi; Sazzad Shafique,proceedings-article,https://doi.org/10.1061/9780784486122.019,VERIFIED_CROSSREF,parent_registry_v323,,"Legacy curated metadata; not a prevalence, quality, or quantitative-evidence claim."
10.1130/abs/2025am-11026,Science and Engineering of Regolith Distribution Systems for Lunar Landing Pad Construction,2025.0,Geological Society of America Abstracts with Programs,Donald Hooper; Sam Ximenes,proceedings-article,https://doi.org/10.1130/abs/2025am-11026,VERIFIED_CROSSREF,parent_registry_v323,,"Legacy curated metadata; not a prevalence, quality, or quantitative-evidence claim."
10.2139/ssrn.5223089,Mechanical Properties of Short-Age Cqu-1 Lunar Regolith Simulant Geopolymer for In-Situ Resource Utilization,2025.0,not_extracted,Weibo Lu; Yu Shi; Xuanyi Xue,posted-content,https://doi.org/10.2139/ssrn.5223089,VERIFIED_CROSSREF,parent_registry_v323,,"Legacy curated metadata; not a prevalence, quality, or quantitative-evidence claim."
10.2139/ssrn.5339362,Influence of Compositional Heterogeneity on the Dynamic Response of Lunar Regolith Based Geopolymer Under Lunar Thermal Cycling,2025.0,not_extracted,Zihan Zhou; Shuo Li; Guo Hu,posted-content,https://doi.org/10.2139/ssrn.5339362,VERIFIED_CROSSREF,parent_registry_v323,,"Legacy curated metadata; not a prevalence, quality, or quantitative-evidence claim."
10.2139/ssrn.5366892,"Impact of Extreme Thermal Cycling on the Physical and Mechanical Properties of Lunar Regolith Simulant Densified Via Spark Plasma Sintering, Cold Isostatic Pressing and Free Sintering, and Biopolymer Bonding Using Xanthan Gum",2025.0,not_extracted,Aina Narvasa; Tomas Grippi; Elisa Torresani,posted-content,https://doi.org/10.2139/ssrn.5366892,VERIFIED_CROSSREF,parent_registry_v323,,"Legacy curated metadata; not a prevalence, quality, or quantitative-evidence claim."
10.2139/ssrn.5366894,Regolith-Resin-Composite (Rrc) of Low-Resin Content for Lunar Construction,2025.0,not_extracted,Mohammad Altaf Hossain; Scott T. Smith; T. Tafsirojjaman,posted-content,https://doi.org/10.2139/ssrn.5366894,VERIFIED_CROSSREF,parent_registry_v323,,"Legacy curated metadata; not a prevalence, quality, or quantitative-evidence claim."
10.2139/ssrn.5383534,Dynamic Mechanical Properties of Lunar Regolith Based Geopolymer: Coupled Effects of Composition and Temperature,2025.0,not_extracted,Zihan Zhou; Xiyao Zheng; Jun Wu,posted-content,https://doi.org/10.2139/ssrn.5383534,VERIFIED_CROSSREF,parent_registry_v323,,"Legacy curated metadata; not a prevalence, quality, or quantitative-evidence claim."
10.2139/ssrn.5430433,Effect of ultraviolet irradiation on microwave sintering of lunar regolith simulant,2025.0,not_extracted,Zuchen Zheng; Zhu Lu; Zekai Wang,posted-content,https://doi.org/10.2139/ssrn.5430433,VERIFIED_CROSSREF,parent_registry_v323,,"Legacy curated metadata; not a prevalence, quality, or quantitative-evidence claim."
10.2139/ssrn.5964597,Circular Additive Circular Additive Manufacturing of Recycled PEKK–Regolith Composites for Sacrificial Structures in Lunar In-Situ Resource Utilization,2025.0,not_extracted,Farshad Malekpour; Mehdi Hojjati,posted-content,https://doi.org/10.2139/ssrn.5964597,VERIFIED_CROSSREF,parent_registry_v323,,"Legacy curated metadata; not a prevalence, quality, or quantitative-evidence claim."
10.5194/egusphere-egu25-9509,Geomechanical Assessment of Chang&amp;#8217;e-5 Lunar Regolith Using High-fidelity Simulant,2025.0,not_extracted,Yuan Zou; Huanyu Wu; Shupeng Chai,posted-content,https://doi.org/10.5194/egusphere-egu25-9509,VERIFIED_CROSSREF,parent_registry_v323,,"Legacy curated metadata; not a prevalence, quality, or quantitative-evidence claim."
10.52202/083076-0095,Dynamic Cone Penetration as a Seismic Source in Lunar Highlands Regolith Simulant.,2025.0,IAF Space Exploration Symposium,Karlis Slumba; Brendan Scott; Mark Jaksa,proceedings-article,https://doi.org/10.52202/083076-0095,VERIFIED_CROSSREF,parent_registry_v323,,"Legacy curated metadata; not a prevalence, quality, or quantitative-evidence claim."
10.52202/083076-0103,A Review of Sintering Techniques for Lunar Regolith Simulant,2025.0,IAF Space Exploration Symposium,Wenbin Han,proceedings-article,https://doi.org/10.52202/083076-0103,VERIFIED_CROSSREF,parent_registry_v323,,"Legacy curated metadata; not a prevalence, quality, or quantitative-evidence claim."
10.52202/083088-0038,Development and Mechanical Testing of Regolith-Resin-Composite (RRC) Brick for Lunar Applications,2025.0,IAF Materials and Structures Symposium,Mohammad Altaf Hossain; Scott Smith; Tafsir Tafsirojjaman,proceedings-article,https://doi.org/10.52202/083088-0038,VERIFIED_CROSSREF,parent_registry_v323,,"Legacy curated metadata; not a prevalence, quality, or quantitative-evidence claim."
10.52202/083088-0089,Analytical Behaviour of Regolith-Resin-Composite (RRC) Material for Lunar Construction,2025.0,IAF Materials and Structures Symposium,Tafsir Tafsirojjaman; Scott Smith; Mohammad Altaf Hossain,proceedings-article,https://doi.org/10.52202/083088-0089,VERIFIED_CROSSREF,parent_registry_v323,,"Legacy curated metadata; not a prevalence, quality, or quantitative-evidence claim."
10.52202/083093-0025,Design of a Lunar Regolith Based Additive Manufacturing Printer for Lunar Habitation,2025.0,23rd IAA Symposium on Building Blocks for Future Space Exploration and Development,Eman Rashid; Joel Eldo,proceedings-article,https://doi.org/10.52202/083093-0025,VERIFIED_CROSSREF,parent_registry_v323,,"Legacy curated metadata; not a prevalence, quality, or quantitative-evidence claim."
10.1002/app.71108,Extrusion‐Based Additive Manufacturing of Regolith‐Filled Shape Memory <scp>Vitrimer</scp> Composite for Lunar Construction,2026,Journal of Applied Polymer Science,Kingsley Yeboah Gyabaah; Obed Nyavor; Bernard Mahoney; Maryam Jahan; Brett Smith; Enrique Jackson,journal-article,https://doi.org/10.1002/app.71108,VERIFIED_CROSSREF,Q04;Q08;Q11;Q12;Q14;Q15,additive;composite;construction;lunar;manufactur;moon;printing;regolith,"Discovery metadata only; not a prevalence, quality, or quantitative-evidence claim."
10.1002/ente.202502309,"Lunar Regolith‐Mediated Energy Systems for Lunar Bases: In Situ Thermal Storage, Multisystem Integration, and Phased Deployment Under Extreme Conditions",2026,Energy Technology,Dongyang Li; Hongbo Liu; ManYu Huang; JinCan Zhou,journal-article,https://doi.org/10.1002/ente.202502309,VERIFIED_CROSSREF,Q01;Q02;Q04;Q06;Q08;Q10;Q12;Q13;Q15,lunar;moon;regolith;sinter,"Discovery metadata only; not a prevalence, quality, or quantitative-evidence claim."
10.1007/s10973-026-15884-8,Ash from the Eyjafjallajökull volcano as a potential simulant of lunar and Martian regolith,2026,Journal of Thermal Analysis and Calorimetry,Maciej Mrówka; Grzegorz Moskal; Agnieszka Tomaszewska; Marta Mikuśkiewicz; Paweł Wagner,journal-article,https://doi.org/10.1007/s10973-026-15884-8,VERIFIED_CROSSREF,Q10,laser;lunar;melt;regolith;simulant;sinter,"Discovery metadata only; not a prevalence, quality, or quantitative-evidence claim."
10.1007/s11431-025-3194-1,Mechanical deterioration of sintered lunar regolith simulants under extreme cryogenic-thermal cycling,2026,Science China Technological Sciences,Guowei Ma; Kai Zhang; Ke Zhang; Shihao Guan,journal-article,https://doi.org/10.1007/s11431-025-3194-1,VERIFIED_CROSSREF,Q14,lunar;regolith;simulant;sinter,"Discovery metadata only; not a prevalence, quality, or quantitative-evidence claim."
10.1007/s11837-026-08421-3,Electrolytic Oxygen Extraction and Metal Production from NEU-2 Lunar Regolith Simulant in Cryolite-Based Molten Salt Using Fe-Ni Inert Anode,2026,JOM,Jie Zhang; Aimin Liu; Yuan Zhao; Xianze Ao; Zhongning Shi,journal-article,https://doi.org/10.1007/s11837-026-08421-3,VERIFIED_CROSSREF,Q10,lunar;regolith;simulant,"Discovery metadata only; not a prevalence, quality, or quantitative-evidence claim."
10.1016/j.actaastro.2025.04.051,Water extraction and collection from icy lunar regolith by microwave heating,2026,Acta Astronautica,Qinggong Wang; Juping Gu; Yong Pang; Yang Zuo; Guidong Mo; Xingwang Zhang,journal-article,https://doi.org/10.1016/j.actaastro.2025.04.051,VERIFIED_CROSSREF,Q02,lunar;microwave;regolith,"Discovery metadata only; not a prevalence, quality, or quantitative-evidence claim."
10.1016/j.actaastro.2025.09.048,Facing compositional heterogeneity and thermal cycling challenges in lunar regolith based geopolymer for sustainable extraterrestrial construction,2026,Acta Astronautica,Zihan Zhou; Shuo Li; Guo Hu; Jun Wu; Chuanqin Yao; Fujun Niu,journal-article,https://doi.org/10.1016/j.actaastro.2025.09.048,VERIFIED_CROSSREF,Q04;Q05;Q06;Q07;Q08;Q11;Q12;Q13;Q14;Q15;parent_registry_v323,,"Legacy curated metadata; not a prevalence, quality, or quantitative-evidence claim."
10.1016/j.actaastro.2025.09.056,"Growth rate, biomass formation, and physiological adjustment of terrestrial crops cultivated in Antarctic volcanic Regolith: A functional simulant for lunar agriculture",2026,Acta Astronautica,Syed Inzimam Ul Haq; Josef Hájek; Miloš Barták,journal-article,https://doi.org/10.1016/j.actaastro.2025.09.056,VERIFIED_CROSSREF,Q10,lunar;regolith;simulant,"Discovery metadata only; not a prevalence, quality, or quantitative-evidence claim."
10.1016/j.actaastro.2025.09.080,Positive effects and mechanisms of simulated lunar low-magnetic environment on earthworm-improved lunar soil simulant as a cultivation substrate,2026,Acta Astronautica,Sihan Hou; Zhongfu Wang; Yuting Zhu; Hong Liu; Jiajie Feng,journal-article,https://doi.org/10.1016/j.actaastro.2025.09.080,VERIFIED_CROSSREF,Q09,lunar;simulant,"Discovery metadata only; not a prevalence, quality, or quantitative-evidence claim."
10.1016/j.actaastro.2025.10.007,RETRACTED: Vibration-induced friction reduction in lunar regolith simulant: Mechanisms and key parameters,2026,Acta Astronautica,Shiyue Zou; Keyan Huo; Zihao Yuan; Tianyue Gan; Haifeng Zhao,journal-article,https://doi.org/10.1016/j.actaastro.2025.10.007,VERIFIED_CROSSREF,Q09;Q10,lunar;regolith;simulant,"Discovery metadata only; not a prevalence, quality, or quantitative-evidence claim."
10.1016/j.actaastro.2025.10.061,Dielectric properties of dense ceramic films made by dry aerosol deposition of lunar regolith simulant. Part 1: Lunar mare,2026,Acta Astronautica,Robert Borrego; Paul Fuierer,journal-article,https://doi.org/10.1016/j.actaastro.2025.10.061,VERIFIED_CROSSREF,Q01;Q02;Q03;Q04;Q06;Q08;Q09;Q10;Q11;Q12;Q13;Q14;Q15,lunar;regolith;simulant,"Discovery metadata only; not a prevalence, quality, or quantitative-evidence claim."
10.1016/j.actaastro.2025.11.015,Solar-driven thermal reduction of lunar regolith for in-situ resource utilization,2026,Acta Astronautica,Shaspreet Kaur; Ashley R. Clendenen; Aleksandr Aleksandrov; Brant M. Jones; W. Jud Ready; Thomas M. Orlando,journal-article,https://doi.org/10.1016/j.actaastro.2025.11.015,VERIFIED_CROSSREF,Q04;Q12,lunar;regolith;solar,"Discovery metadata only; not a prevalence, quality, or quantitative-evidence claim."
10.1016/j.actaastro.2025.11.070,Laser directed energy deposition additive manufacturing of lunar highland regolith simulant,2026,Acta Astronautica,Sizhe Xu; Marwan Haddad; Aslan Bafahm Alamdari; Annabel Shim; Alan A. Luo; Sarah J. Wolff,journal-article,https://doi.org/10.1016/j.actaastro.2025.11.070,VERIFIED_CROSSREF,Q01;Q02;Q05;Q09;Q10;Q11,additive;laser;lunar;manufactur;regolith;simulant,"Discovery metadata only; not a prevalence, quality, or quantitative-evidence claim."
10.1016/j.actaastro.2025.12.010,Characterization of hydroponic dwarf tomato growth in microbially inoculated lunar regolith simulant,2026,Acta Astronautica,Adam Gelman; Josiah Jackson; Triston Hooks,journal-article,https://doi.org/10.1016/j.actaastro.2025.12.010,VERIFIED_CROSSREF,Q01;Q03;Q09;Q10;Q15,lunar;regolith;simulant,"Discovery metadata only; not a prevalence, quality, or quantitative-evidence claim."
10.1016/j.actaastro.2025.12.032,Multi-criteria decision-making approach for automated planning and scheduling of lunar launch and landing pad construction,2026,Acta Astronautica,Chinedu Okonkwo; Ibukun Awolusi; Sazzad Bin-Shafique; Kiran Bhaganagar; Sam Ximenes; Joe Redfield,journal-article,https://doi.org/10.1016/j.actaastro.2025.12.032,VERIFIED_CROSSREF,Q08;Q13,construction;landing pad;lunar,"Discovery metadata only; not a prevalence, quality, or quantitative-evidence claim."
10.1016/j.actaastro.2025.12.051,From terrestrial basalt to customizable lunar regolith simulant: Preparation via thermal phase-tailoring,2026,Acta Astronautica,Rui Wang; Guofu Qiao,journal-article,https://doi.org/10.1016/j.actaastro.2025.12.051,VERIFIED_CROSSREF,Q01;Q03;Q09;Q10;Q15,lunar;regolith;simulant,"Discovery metadata only; not a prevalence, quality, or quantitative-evidence claim."
10.1016/j.actaastro.2026.01.055,Dynamic Cone Penetration Test in Lunar Highlands Regolith Simulant,2026,Acta Astronautica,Kārlis Šļumba; Brendan T. Scott; Mark B. Jaksa,journal-article,https://doi.org/10.1016/j.actaastro.2026.01.055,VERIFIED_CROSSREF,Q01;Q03;Q04;Q06;Q09;Q10;Q15;parent_registry_v323,,"Legacy curated metadata; not a prevalence, quality, or quantitative-evidence claim."
10.1016/j.actaastro.2026.02.014,Direct ink writing of carbon fiber and AlSi10Mg reinforced lunar regolith simulant brick,2026,Acta Astronautica,Lu Zhang; Ailing Xun; Yingyu Chen; Chao Xu; Meng Zou; Luquan Ren,journal-article,https://doi.org/10.1016/j.actaastro.2026.02.014,VERIFIED_CROSSREF,Q09;Q10,lunar;regolith;simulant,"Discovery metadata only; not a prevalence, quality, or quantitative-evidence claim."
10.1016/j.actaastro.2026.02.037,Laser directed energy deposition of lunar highland gabbroic regolith simulants: Processing mechanism and mechanical properties,2026,Acta Astronautica,Lu Zhang; Peng Chen; Kai Liu; Chunze Yan; Huajun Sun; Yusheng Shi,journal-article,https://doi.org/10.1016/j.actaastro.2026.02.037,VERIFIED_CROSSREF,Q01;Q02;Q05;Q14,laser;lunar;regolith;simulant,"Discovery metadata only; not a prevalence, quality, or quantitative-evidence claim."
10.1016/j.actaastro.2026.03.039,Retraction notice to “Vibration-induced friction reduction in lunar regolith simulant: Mechanisms and key parameters” [Acta Astronaut. 238 (2026) 98–114],2026,Acta Astronautica,Shiyue Zou; Keyan Huo; Zihao Yuan; Tianyue Gan; Haifeng Zhao,journal-article,https://doi.org/10.1016/j.actaastro.2026.03.039,VERIFIED_CROSSREF,Q09;Q10,lunar;regolith;simulant,"Discovery metadata only; not a prevalence, quality, or quantitative-evidence claim."
10.1016/j.actaastro.2026.04.066,"Comparative study on morphological and mechanical properties of lunar regolith simulants (LHS-1, LMS-1, and LSP-2) using micro-CT reconstruction and direct shear tests",2026,Acta Astronautica,Yating Yang; MD Razibur Rahman; Misandratr'Avo Andriamasinoro; Filippo Vatteroni; Lei Wang,journal-article,https://doi.org/10.1016/j.actaastro.2026.04.066,VERIFIED_CROSSREF,Q14,construction;lunar;regolith;simulant,"Discovery metadata only; not a prevalence, quality, or quantitative-evidence claim."
10.1016/j.actaastro.2026.06.003,Melting characteristics and flow behavior of lunar regolith simulant under microwave heating,2026,Acta Astronautica,Jian Ma; Zheng-Wei Li; Jia-Qi Lu; Huan Li,journal-article,https://doi.org/10.1016/j.actaastro.2026.06.003,VERIFIED_CROSSREF,Q02;Q03;Q05;Q09;Q10,lunar;melt;microwave;regolith;simulant,"Discovery metadata only; not a prevalence, quality, or quantitative-evidence claim."
10.1016/j.actaastro.2026.06.035,Predicting lunar regolith simulant geopolymer compressive strength via machine learning,2026,Acta Astronautica,William H. Hartt V; Meredith Rodney; Norman J. Wagner,journal-article,https://doi.org/10.1016/j.actaastro.2026.06.035,VERIFIED_CROSSREF,Q01;Q02;Q03;Q06;Q07;Q09;Q10,geopolymer;lunar;regolith;simulant,"Discovery metadata only; not a prevalence, quality, or quantitative-evidence claim."
10.1016/j.actaastro.2026.07.001,Strength assessment of testing samples produced from lunar regolith simulant by selective laser melting,2026,Acta Astronautica,Artem Lysenko; Tatiana Tomilina,journal-article,https://doi.org/10.1016/j.actaastro.2026.07.001,VERIFIED_CROSSREF,Q01;Q02;Q03;Q05;Q06;Q07;Q09;Q10;Q15,laser;lunar;melt;regolith;simulant,"Discovery metadata only; not a prevalence, quality, or quantitative-evidence claim."
10.1016/j.actaastro.2026.07.008,Vibration-induced friction reduction in lunar regolith simulant: Mechanisms and key parameters,2026,Acta Astronautica,Shiyue Zou; Keyan Huo; Zihao Yuan; Tianyue Gan; Haifeng Zhao,journal-article,https://doi.org/10.1016/j.actaastro.2026.07.008,VERIFIED_CROSSREF,Q09;Q10,lunar;regolith;simulant,"Discovery metadata only; not a prevalence, quality, or quantitative-evidence claim."
10.1016/j.actaastro.2026.08.021,Durability Assessment of Sintered Lunar Regolith Bricks under a Simulated Lunar Coupled Thermal-Radiation Environment,2026,Acta Astronautica,Zekai Wang; Yiheng Qin; Wucheng Sun; Zhu Lu; Yan Zhou; Ping Ma,journal-article,https://doi.org/10.1016/j.actaastro.2026.08.021,VERIFIED_CROSSREF,Q01;Q02;Q04;Q06;Q08;Q10;Q12;Q15,lunar;regolith;sinter,"Discovery metadata only; not a prevalence, quality, or quantitative-evidence claim."
10.1016/j.actaastro.2026.08.024,Chang’e-5 Lunar Regolith Simulant with Artificial Lunar Glass Guided by Agglutinate Samples,2026,Acta Astronautica,Jiayuan Liu; Siqi Zhou; Feng Li; Yutong Deng; Jingdong Zhao,journal-article,https://doi.org/10.1016/j.actaastro.2026.08.024,VERIFIED_CROSSREF,Q01;Q02;Q03;Q04;Q05;Q06;Q07;Q08;Q09;Q10;Q11;Q12;Q13;Q14;Q15,lunar;regolith;simulant,"Discovery metadata only; not a prevalence, quality, or quantitative-evidence claim."
10.1016/j.addlet.2026.100384,Laser powder-directed energy deposition of lunar highlands regolith simulant in argon and vacuum environments: Effects of atmosphere on microstructure,2026,Additive Manufacturing Letters,Avi Bregman; Adrian Podpirka; Edwin Gienger; Christian Sanjurjo-Rodriguez; Ethan Freed; Denise Yin,journal-article,https://doi.org/10.1016/j.addlet.2026.100384,VERIFIED_CROSSREF,Q09;Q10;Q11,additive;laser;lunar;manufactur;regolith;simulant,"Discovery metadata only; not a prevalence, quality, or quantitative-evidence claim."
10.1016/j.addma.2026.105123,Bioinspired multilayer barriers of 3D-printed lunar regolith simulant-based geopolymers for mechanical and thermal protection,2026,Additive Manufacturing,Siqi Ma; Feng Zhang; Shuai Fu; Benzhi Min; Xiaodi Feng; Shengwen Wang,journal-article,https://doi.org/10.1016/j.addma.2026.105123,VERIFIED_CROSSREF,Q10;Q11,additive;geopolymer;lunar;manufactur;regolith;simulant,"Discovery metadata only; not a prevalence, quality, or quantitative-evidence claim."
10.1016/j.amf.2025.200283,"Effects of different laser scanning strategies on the morphology, microstructure, and mechanical properties of lunar regolith simulant formed by laser powder bed fusion",2026,Additive Manufacturing Frontiers,Fen Dang; Jingxian Zhu; Meixiang Ke; Zhiwei Wang; Shifeng Wen; Yan Zhou,journal-article,https://doi.org/10.1016/j.amf.2025.200283,VERIFIED_CROSSREF,Q03;Q11;Q14,additive;laser;lunar;manufactur;regolith;simulant,"Discovery metadata only; not a prevalence, quality, or quantitative-evidence claim."
10.1016/j.apmt.2025.103000,Cold sprayed lunar regolith–aluminum composite coatings with tunable microstructure for space in-situ resource utilization (ISRU),2026,Applied Materials Today,Denny John; Anil Lama; Abhijith K. Sukumaran; Sohail M.A.K. Mohammed; Blanca Palacios; Aleksander Aleman,journal-article,https://doi.org/10.1016/j.apmt.2025.103000,VERIFIED_CROSSREF,Q07;Q12,composite;lunar;regolith,"Discovery metadata only; not a prevalence, quality, or quantitative-evidence claim."
10.1016/j.apmt.2025.103071,Lunar regolith simulant-based triboelectric nanogenerators: Toward sustainable energy harvesting from resources on the moon,2026,Applied Materials Today,Alex Yohannan; Jayraj V. Vaghasiya; Keval K. Sonigara; Martin Pumera,journal-article,https://doi.org/10.1016/j.apmt.2025.103071,VERIFIED_CROSSREF,Q01;Q02;Q09;Q10,lunar;moon;regolith;simulant,"Discovery metadata only; not a prevalence, quality, or quantitative-evidence claim."
10.1016/j.asr.2025.09.057,Reduction of non-lunar phases in JSC-1A lunar regolith simulant by different heat treatment methods,2026,Advances in Space Research,Mihail P. Petkov; Douglas L. Rickman; Gerald E. Voecks; Daniel O’Brien,journal-article,https://doi.org/10.1016/j.asr.2025.09.057,VERIFIED_CROSSREF,Q01;Q03;Q06;Q09;Q10;Q15,lunar;regolith;simulant,"Discovery metadata only; not a prevalence, quality, or quantitative-evidence claim."
10.1016/j.asr.2026.02.003,Quantification of oxygen production from solar pyrolysis of lunar regolith,2026,Advances in Space Research,Jack Robinot; Sylvain Rodat; Stéphane Abanades; Eric Bêche; Alexis Paillet; Aidan Cowley,journal-article,https://doi.org/10.1016/j.asr.2026.02.003,VERIFIED_CROSSREF,Q04,lunar;regolith;solar,"Discovery metadata only; not a prevalence, quality, or quantitative-evidence claim."
10.1016/j.asr.2026.02.081,Unifying behavior in the rapid strength formation of BP-1 lunar regolith simulant geopolymers processed via microwave curing,2026,Advances in Space Research,William H. Hartt V; Thaddeus M. Egnaczyk; Jake George; Norman J. Wagner,journal-article,https://doi.org/10.1016/j.asr.2026.02.081,VERIFIED_CROSSREF,Q01;Q02;Q10,geopolymer;lunar;microwave;regolith;simulant,"Discovery metadata only; not a prevalence, quality, or quantitative-evidence claim."
10.1016/j.asr.2026.03.050,Vacuum effects on Lunar/Martian simulant consolidation via enzyme-induced carbonate precipitation,2026,Advances in Space Research,Zhen Yan; Satoru Kawasaki,journal-article,https://doi.org/10.1016/j.asr.2026.03.050,VERIFIED_CROSSREF,Q09;Q10,lunar;simulant,"Discovery metadata only; not a prevalence, quality, or quantitative-evidence claim."
10.1016/j.asr.2026.04.003,Microwave-assisted water extraction from lunar regolith: Multiphysics modeling,2026,Advances in Space Research,Yunzhi Cheng; Bin Cheng; Hexi Baoyin,journal-article,https://doi.org/10.1016/j.asr.2026.04.003,VERIFIED_CROSSREF,Q02,lunar;microwave;regolith,"Discovery metadata only; not a prevalence, quality, or quantitative-evidence claim."
10.1016/j.asr.2026.05.036,Influence of particle size on laser beam melting of lunar regolith simulant,2026,Advances in Space Research,Hannah Fisher; Joel Patzwald; Tjorben Griemsmann; Ludger Overmeyer; Enrico Stoll,journal-article,https://doi.org/10.1016/j.asr.2026.05.036,VERIFIED_CROSSREF,Q05;Q09;Q10,laser;lunar;melt;regolith;simulant,"Discovery metadata only; not a prevalence, quality, or quantitative-evidence claim."
10.1016/j.asr.2026.06.012,Constitutive stress–strain model and microstructural mechanism of lunar regolith simulant geopolymer based on alkali content modulation,2026,Advances in Space Research,Jianmin Hua; Jianghuai Zhan; Xuanyi Xue; Qi Zhao; Shuai Li,journal-article,https://doi.org/10.1016/j.asr.2026.06.012,VERIFIED_CROSSREF,Q06;Q07;Q10,geopolymer;lunar;regolith;simulant,"Discovery metadata only; not a prevalence, quality, or quantitative-evidence claim."
10.1016/j.autcon.2025.106616,Hybrid simulation framework for autonomous robotics lunar launch and landing pad construction,2026,Automation in Construction,Chinedu Okonkwo; Ibukun Awolusi; Sazzad Bin-Shafique; Sam Ximenes; Barney Gorin; Joe Redfield,journal-article,https://doi.org/10.1016/j.autcon.2025.106616,VERIFIED_CROSSREF,Q08;Q13;parent_registry_v323,,"Legacy curated metadata; not a prevalence, quality, or quantitative-evidence claim."
10.1016/j.ceramint.2025.12.293,Mechanical and thermal properties of pressureless sintered lunar regolith simulant: Analysis of sintering parameters and pore structure,2026,Ceramics International,Youxu Zeng; Haoyu Lu; Sheng Jiang; Lizhi Zhang; Haihan Tong; Ruifu Tang,journal-article,https://doi.org/10.1016/j.ceramint.2025.12.293,VERIFIED_CROSSREF,Q01;Q02;Q03;Q04;Q05;Q07;Q10;Q14;parent_registry_v323,,"Legacy curated metadata; not a prevalence, quality, or quantitative-evidence claim."
10.1016/j.ceramint.2026.05.051,Structural evolution and crystallization behavior of Chang'e−5 lunar regolith glass simulant under electron irradiation,2026,Ceramics International,Zhenhua Xiong; Jin Liu; Zhuoya Hao; Linfeng Ding; Kerui Li; Chengyi Hou,journal-article,https://doi.org/10.1016/j.ceramint.2026.05.051,VERIFIED_CROSSREF,Q10,lunar;regolith;simulant,"Discovery metadata only; not a prevalence, quality, or quantitative-evidence claim."
10.1016/j.compositesb.2025.113176,Sustainable lunar additive manufacturing of high regolith-loaded PEKK composites for space infrastructure,2026,Composites Part B: Engineering,Farshad Malekpour; Marjan Abdali; Krzysztof Skonieczny; Mohammad Azami; Mehdi Hojjati,journal-article,https://doi.org/10.1016/j.compositesb.2025.113176,VERIFIED_CROSSREF,Q11,additive;composite;lunar;manufactur;regolith,"Discovery metadata only; not a prevalence, quality, or quantitative-evidence claim."
10.1016/j.compositesb.2026.114013,Circular additive manufacturing of recycled PEKK–regolith composites for sacrificial structures in lunar in-situ resource utilization,2026,Composites Part B: Engineering,F. Malekpour; M. Hojjati,journal-article,https://doi.org/10.1016/j.compositesb.2026.114013,VERIFIED_CROSSREF,Q11;Q12,additive;composite;lunar;manufactur;regolith,"Discovery metadata only; not a prevalence, quality, or quantitative-evidence claim."
10.1016/j.compstruct.2026.120202,Protection of lunar structures from micrometeoroid strikes: Behaviour of panels derived from lunar regolith simulant,2026,Composite Structures,Md Abdur Rakib; Scott T. Smith; T. Tafsirojjaman,journal-article,https://doi.org/10.1016/j.compstruct.2026.120202,VERIFIED_CROSSREF,Q01;Q02;Q03;Q04;Q05;Q06;Q08;Q09;Q10;Q11;Q12;Q13;Q14;Q15,composite;lunar;regolith;simulant,"Discovery metadata only; not a prevalence, quality, or quantitative-evidence claim."
10.1016/j.conbuildmat.2026.145564,Damage evaluation of regolith-resin-composite (RRC) materials for lunar structures using linear and nonlinear ultrasonic waves,2026,Construction and Building Materials,Md Maruf Molla; Ching Tai Ng; Tafsir Tafsirojjaman; Scott T. Smith,journal-article,https://doi.org/10.1016/j.conbuildmat.2026.145564,VERIFIED_CROSSREF,Q04;Q05;Q08;Q11;Q12;Q13;Q14;Q15;parent_registry_v323,,"Legacy curated metadata; not a prevalence, quality, or quantitative-evidence claim."
10.1016/j.conbuildmat.2026.145609,The critical role of CaO in regulating reaction kinetics and microstructural evolution of alkali-activated lunar regolith simulant,2026,Construction and Building Materials,Jiuwen Bao; Shengjie Yan; Guanghui Gao; Ditao Niu; Yanru Wang; Qiang Song,journal-article,https://doi.org/10.1016/j.conbuildmat.2026.145609,VERIFIED_CROSSREF,Q04;Q05;Q08;Q10;Q11;Q12;Q13;Q14;Q15,construction;lunar;regolith;simulant,"Discovery metadata only; not a prevalence, quality, or quantitative-evidence claim."
10.1016/j.conbuildmat.2026.146289,Vacuum susceptor-assisted microwave sintering of lunar regolith simulant bricks: A potential pathway for extraterrestrial construction,2026,Construction and Building Materials,Zhen Liu; Jinping Li; Changlong Liu; Juntao Guo; Zhengyou Guo; Shuai Yuan,journal-article,https://doi.org/10.1016/j.conbuildmat.2026.146289,VERIFIED_CROSSREF,Q01;Q02;Q03;Q04;Q05;Q06;Q07;Q08;Q10;Q11;Q12;Q13;Q14;Q15;parent_registry_v323,,"Legacy curated metadata; not a prevalence, quality, or quantitative-evidence claim."
10.1016/j.conbuildmat.2026.146401,Evaluation of high and low temperature performance characteristics of bricks fabricated with lunar regolith simulant,2026,Construction and Building Materials,Linxuan Jiang; Fen Dang; Chu Wang; Bo Pan; Yan Zhou; Cheng Zhou,journal-article,https://doi.org/10.1016/j.conbuildmat.2026.146401,VERIFIED_CROSSREF,Q04;Q05;Q06;Q08;Q10;Q11;Q12;Q13;Q14;Q15,construction;lunar;regolith;simulant,"Discovery metadata only; not a prevalence, quality, or quantitative-evidence claim."
10.1016/j.conbuildmat.2026.146495,Effects of in-situ admixtures and simulated Martian regolith on the mechanical properties and microstructure of basic magnesium sulfate cement for potential martian construction,2026,Construction and Building Materials,L.I. Lingyu; Y.U. Hongfa; M.A. Haiyan; Zhao Yanbing; Zhang Honglei; L.U. Mingyang,journal-article,https://doi.org/10.1016/j.conbuildmat.2026.146495,VERIFIED_CROSSREF,Q12;Q14,construction;regolith,"Discovery metadata only; not a prevalence, quality, or quantitative-evidence claim."
10.1016/j.conbuildmat.2026.146902,"Development and characterization of a novel medium-Ti lunar regolith simulant (XKU-1) derived from CE-5 samples: Physical, microstructural and mechanical insights",2026,Construction and Building Materials,Yao Wang; Yonglin Dai; Wenjie Zhang; Jinrong Xiao; Rui Song; Jianjun Liu,journal-article,https://doi.org/10.1016/j.conbuildmat.2026.146902,VERIFIED_CROSSREF,Q04;Q05;Q08;Q11;Q12;Q13;Q14;Q15,construction;lunar;regolith;simulant,"Discovery metadata only; not a prevalence, quality, or quantitative-evidence claim."
10.1016/j.conbuildmat.2026.146981,Effect of high vacuum environment on the microwave melting behavior of lunar regolith simulant,2026,Construction and Building Materials,Huan Li; Zheng-Wei Li; Xia-Ting Feng; Chao-Xu Lv; Zhao-Han Wang; Liang-Xiao Chen,journal-article,https://doi.org/10.1016/j.conbuildmat.2026.146981,VERIFIED_CROSSREF,Q02;Q04;Q05;Q08;Q10;Q11;Q12;Q13;Q14;Q15,construction;lunar;melt;microwave;regolith;simulant,"Discovery metadata only; not a prevalence, quality, or quantitative-evidence claim."
10.1016/j.conbuildmat.2026.147030,Re-evaluating the selection of precursors for alkali activated solidification of low activity lunar regolith simulant: Insights on calcium and aluminum supply,2026,Construction and Building Materials,Zhaokang Liu; Longfei Zhang; Qian Deng; Jinkai Zhang; Yuxuan Chen; Qingliang Yu,journal-article,https://doi.org/10.1016/j.conbuildmat.2026.147030,VERIFIED_CROSSREF,Q04;Q05;Q08;Q10;Q11;Q12;Q13;Q14;Q15,construction;lunar;regolith;simulant,"Discovery metadata only; not a prevalence, quality, or quantitative-evidence claim."
10.1016/j.cscm.2026.e06142,"Impact of extreme thermal cycling on the physical and mechanical properties of lunar regolith simulant densified via spark plasma sintering, cold isostatic pressing, and biopolymer bonding using Xanthan Gum",2026,Case Studies in Construction Materials,Aina Narvasa; Thomas Grippi; Elisa Torresani; Douglas Cortes; Marta Miletić,journal-article,https://doi.org/10.1016/j.cscm.2026.e06142,VERIFIED_CROSSREF,Q01;Q02;Q03;Q04;Q05;Q07;Q08;Q10;Q11;Q12;Q13;Q14;Q15;parent_registry_v323,,"Legacy curated metadata; not a prevalence, quality, or quantitative-evidence claim."
10.1016/j.cscm.2026.e06240,Experimental determination of gamma-ray attenuation coefficients of lunar regolith simulants for habitat shielding applications,2026,Case Studies in Construction Materials,Piotr E. Srokosz; Janusz Kobaka; Jacek Katzer,journal-article,https://doi.org/10.1016/j.cscm.2026.e06240,VERIFIED_CROSSREF,Q04;Q05;Q08;Q11;Q12;Q13;Q14;Q15,construction;lunar;regolith;simulant,"Discovery metadata only; not a prevalence, quality, or quantitative-evidence claim."
10.1016/j.electacta.2026.148680,Cathodic Reduction Process in Low-Temperature Electro-Deoxidation for Metal Extraction from NEU-2 Lunar Regolith Simulant,2026,Electrochimica Acta,Yunchan Zhou; Jingyu Li; Kaiyu Xie; Aimin Liu; Zhengwei Li; Xianwei Hu,journal-article,https://doi.org/10.1016/j.electacta.2026.148680,VERIFIED_CROSSREF,Q06;Q10,lunar;regolith;simulant,"Discovery metadata only; not a prevalence, quality, or quantitative-evidence claim."
10.1016/j.icarus.2026.117004,Hydrogen sulfide consumption by lunar regolith simulants,2026,Icarus,Cecilia L. Amick; Saunab Ghosh; Crystal A. Mantilla; Ernest K. Lewis; Christopher L. Harris; Ardith D. Bravenec,journal-article,https://doi.org/10.1016/j.icarus.2026.117004,VERIFIED_CROSSREF,Q01,lunar;regolith;simulant,"Discovery metadata only; not a prevalence, quality, or quantitative-evidence claim."
10.1016/j.jnoncrysol.2026.123992,Making glass-ceramics from lunar regolith simulant: A study on the crystallization behavior and mechanical properties,2026,Journal of Non-Crystalline Solids,Mingji Gao; Ruidong Jia; Huajun Sun; Michael Ojovan; Guang Fang; Anirban Chakrabarti,journal-article,https://doi.org/10.1016/j.jnoncrysol.2026.123992,VERIFIED_CROSSREF,Q03;Q10;Q14,lunar;regolith;simulant,"Discovery metadata only; not a prevalence, quality, or quantitative-evidence claim."
10.1016/j.jobe.2025.114764,Changes in properties of microwave-sintered lunar regolith simulants under simulated lunar extreme temperature cycling,2026,Journal of Building Engineering,Zhenyu Wu; Penglin Wang; Zekai Wang; Chu Wang; Yan Zhou; Ping Ma,journal-article,https://doi.org/10.1016/j.jobe.2025.114764,VERIFIED_CROSSREF,Q02;Q06;Q14;Q15,lunar;microwave;regolith;simulant;sinter,"Discovery metadata only; not a prevalence, quality, or quantitative-evidence claim."
10.1016/j.jobe.2026.116618,Behaviour of regolith-resin-composites subjected to lunar analogue environments,2026,Journal of Building Engineering,Mohammad Altaf Hossain; Scott T. Smith; T. Tafsirojjaman,journal-article,https://doi.org/10.1016/j.jobe.2026.116618,VERIFIED_CROSSREF,Q14,composite;lunar;regolith,"Discovery metadata only; not a prevalence, quality, or quantitative-evidence claim."
10.1016/j.jrmge.2025.11.049,NEU-em: A lunar regolith simulant considering electromagnetic heating characteristics,2026,Journal of Rock Mechanics and Geotechnical Engineering,Huan Li; Zhengwei Li; Xia-Ting Feng; Chengdan He; Jin Wang; Yang Zuo,journal-article,https://doi.org/10.1016/j.jrmge.2025.11.049,VERIFIED_CROSSREF,Q10,lunar;regolith;simulant,"Discovery metadata only; not a prevalence, quality, or quantitative-evidence claim."
10.1016/j.jterra.2026.101137,Image-based characterization of wheel–soil interaction torque using single-wheel tests on lunar simulant,2026,Journal of Terramechanics,Viet Dinh Le; Yujin Lim,journal-article,https://doi.org/10.1016/j.jterra.2026.101137,VERIFIED_CROSSREF,Q09,lunar;simulant,"Discovery metadata only; not a prevalence, quality, or quantitative-evidence claim."
10.1016/j.matdes.2026.116464,Advanced spectroscopic investigation of lunar highland simulant (LHS-1) geopolymer for in-situ resource utilization,2026,Materials &amp; Design,Yanchen Oinam; Federico Pederson; Geun U. Ryu; Hee Jeong Kim; Sukhoon Pyo,journal-article,https://doi.org/10.1016/j.matdes.2026.116464,VERIFIED_CROSSREF,Q09,geopolymer;lunar;simulant,"Discovery metadata only; not a prevalence, quality, or quantitative-evidence claim."
10.1016/j.powtec.2025.122070,Calibration of simulation parameters for in-situ excavation of lunar highland simulant,2026,Powder Technology,Xumin Sun; Rui Zhang; Xiujuan Li; Meng Zou; Hua Zhang,journal-article,https://doi.org/10.1016/j.powtec.2025.122070,VERIFIED_CROSSREF,Q09,lunar;simulant,"Discovery metadata only; not a prevalence, quality, or quantitative-evidence claim."
10.1016/j.powtec.2026.122480,Rheological characterization and additive manufacturing suitability of lunar and Martian regolith simulants,2026,Powder Technology,Wesley D. Combs; C. Fred Higgs,journal-article,https://doi.org/10.1016/j.powtec.2026.122480,VERIFIED_CROSSREF,Q01;Q04;Q06;Q11;Q15,additive;lunar;manufactur;regolith;simulant,"Discovery metadata only; not a prevalence, quality, or quantitative-evidence claim."
10.1016/j.pss.2026.106281,Stress- and strain-dependent dynamic properties of the EAC-1A lunar regolith simulant,2026,Planetary and Space Science,Christos Vrettos; Brigitte Knapmeyer-Endrun; Maximilian Hardenberg; Andreas Becker; Jürgen Schlutz; Thomas Uhlig,journal-article,https://doi.org/10.1016/j.pss.2026.106281,VERIFIED_CROSSREF,Q03;Q10,lunar;regolith;simulant,"Discovery metadata only; not a prevalence, quality, or quantitative-evidence claim."
10.1016/j.rockmb.2025.100257,Mechanical properties and microstructure characteristics of vacuum sintered lunar simulant using nanoindentation,2026,Rock Mechanics Bulletin,Xinyi Li; Cheng Zhou; Sheng Li; Yidong Gan; Yan Zhou; Lieyun Ding,journal-article,https://doi.org/10.1016/j.rockmb.2025.100257,VERIFIED_CROSSREF,Q09,lunar;simulant;sinter,"Discovery metadata only; not a prevalence, quality, or quantitative-evidence claim."
10.1016/j.spaceh.2026.100052,Improved in-situ lunar construction via energetic multi-fuel thermite reactions,2026,Space Habitation,Connor J. MacRobbie; Anqi Wang; Navid Assi; John Z. Wen,journal-article,https://doi.org/10.1016/j.spaceh.2026.100052,VERIFIED_CROSSREF,Q12,construction;lunar,"Discovery metadata only; not a prevalence, quality, or quantitative-evidence claim."
10.1017/s1473550426100275,Lunar regolith simulant for cultivation of plants: seed germination and early growth study of plant vitality,2026,International Journal of Astrobiology,Štěpán Krejčí; Hector-Andreas Stavrakakis; Pavel Coufalík; Jiří Sekerák; Josef Hájek; Dimitra Argyrou,journal-article,https://doi.org/10.1017/s1473550426100275,VERIFIED_CROSSREF,Q10,lunar;moon;regolith;simulant,"Discovery metadata only; not a prevalence, quality, or quantitative-evidence claim."
10.1038/s41427-026-00654-7,Enhanced Lunar regolith as a key component for supercapacitors and sodium-ion batteries,2026,NPG Asia Materials,Kaaviah Manoharan; Bindu Kalleshappa; Martin Pumera,journal-article,https://doi.org/10.1038/s41427-026-00654-7,VERIFIED_CROSSREF,Q01;Q04;Q06;Q12;Q15,lunar;regolith;simulant;sinter,"Discovery metadata only; not a prevalence, quality, or quantitative-evidence claim."
10.1038/s41598-026-35759-0,Bioremediation of lunar regolith simulant through mycorrhizal fungi and plant symbioses enables chickpea to seed,2026,Scientific Reports,Jessica Atkin; Elizabeth Pierson; Terry Gentry; Sara Oliveira Santos,journal-article,https://doi.org/10.1038/s41598-026-35759-0,VERIFIED_CROSSREF,Q03;Q09;Q10,lunar;moon;regolith;simulant,"Discovery metadata only; not a prevalence, quality, or quantitative-evidence claim."
10.1038/s42003-026-10421-7,Author Correction: Phosphorus-solubilizing bacteria improve the growth of Nicotiana benthamiana on lunar regolith simulant by dissociating insoluble inorganic phosphorus,2026,Communications Biology,Yitong Xia; Yu Yuan; Chenxi Li; Zhencai Sun,journal-article,https://doi.org/10.1038/s42003-026-10421-7,VERIFIED_CROSSREF,Q09;Q10,lunar;regolith;simulant,"Discovery metadata only; not a prevalence, quality, or quantitative-evidence claim."
10.1038/s44334-026-00103-x,Regolith–polymer composites for structurally functional components in extraterrestrial environments,2026,npj Advanced Manufacturing,Xinnian Wang; Juan Alanis; Yinong Chen; Didem Ozevin; Yayue Pan,journal-article,https://doi.org/10.1038/s44334-026-00103-x,VERIFIED_CROSSREF,Q15,composite;manufactur;regolith,"Discovery metadata only; not a prevalence, quality, or quantitative-evidence claim."
10.1038/s44453-025-00023-8,Toward accurate rheological prediction of lunar regolith simulant pastes via constitutive modeling,2026,npj Space Exploration,Amalia K. Ioannou; Pavlos S. Stephanou,journal-article,https://doi.org/10.1038/s44453-025-00023-8,VERIFIED_CROSSREF,Q03;Q09;Q10;Q15,additive;construction;geopolymer;lunar;manufactur;printing;regolith;simulant,"Discovery metadata only; not a prevalence, quality, or quantitative-evidence claim."
10.1038/s44453-026-00047-8,Assessing the cementitious reactivity of lunar and Martian regolith simulants for extraterrestrial construction,2026,npj Space Exploration,Matias Leon-Miquel; Brandon S. Byers; Qingxu Jin,journal-article,https://doi.org/10.1038/s44453-026-00047-8,VERIFIED_CROSSREF,Q04;Q05;Q08;Q11;Q12;Q13;Q14;Q15,construction;lunar;moon;regolith;simulant,"Discovery metadata only; not a prevalence, quality, or quantitative-evidence claim."
10.1051/0004-6361/202659075,Lunar ejecta as the missing piece to resolving lunar cratering asymmetry,2026,Astronomy &amp; Astrophysics,Hailiang Li; Xiaoping Zhang; Li-Yong Zhou,journal-article,https://doi.org/10.1051/0004-6361/202659075,VERIFIED_CROSSREF,Q13,lunar;moon;solar,"Discovery metadata only; not a prevalence, quality, or quantitative-evidence claim."
10.1051/0004-6361/202659897,A microphysical thermal model for the lunar regolith: Determining the lunar regolith properties using a combination of LRO/Diviner and Chang’E-2/MRM data,2026,Astronomy &amp; Astrophysics,Johanna Bürger; Jianqing Feng; Matthew A. Siegler; Jürgen Blum,journal-article,https://doi.org/10.1051/0004-6361/202659897,VERIFIED_CROSSREF,Q01;Q02;Q04;Q05;Q06;Q07;Q08;Q10;Q11;Q12;Q13;Q14;Q15,lunar;microwave;moon;regolith;solar,"Discovery metadata only; not a prevalence, quality, or quantitative-evidence claim."
10.1061/jaeeez.aseng-6302,Microstructure and Micromechanical Properties of Lunar Regolith Simulant–Based Geopolymers,2026,Journal of Aerospace Engineering,M. Sulaiman Dawood; Peter J. Collins; Aleksandra Radlińska; Robert J. Thomas,journal-article,https://doi.org/10.1061/jaeeez.aseng-6302,VERIFIED_CROSSREF,Q03;Q09;Q10;Q14,geopolymer;lunar;regolith;simulant,"Discovery metadata only; not a prevalence, quality, or quantitative-evidence claim."
10.1061/jaeeez.aseng-6483,Properties of New Mexico Lunar Mare Regolith Simulant,2026,Journal of Aerospace Engineering,Mehran Pourakbar; Amber Rivera; Garrett Aucutt; Marta Miletić; Nancy McMillan; Douglas D. Cortes,journal-article,https://doi.org/10.1061/jaeeez.aseng-6483,VERIFIED_CROSSREF,Q03;Q09;Q10;Q14,lunar;regolith;simulant,"Discovery metadata only; not a prevalence, quality, or quantitative-evidence claim."
10.1061/jaeeez.aseng-6822,Comparison of Compaction Techniques on Lunar Highland Regolith Simulant,2026,Journal of Aerospace Engineering,Akshay K. Agarwal; Brendan T. Scott; Mark B. Jaksa; Yien Lik Kuo,journal-article,https://doi.org/10.1061/jaeeez.aseng-6822,VERIFIED_CROSSREF,Q09;Q10;Q12,lunar;moon;regolith;simulant,"Discovery metadata only; not a prevalence, quality, or quantitative-evidence claim."
10.1080/12269328.2025.2528669,New concept for lunar construction: integration of Earth-based cement and lunar resources in the era of low-cost space transportation,2026,Geosystem Engineering,Jin Hyun Lee; Byung Sik So; Seok Bue Chang,journal-article,https://doi.org/10.1080/12269328.2025.2528669,VERIFIED_CROSSREF,Q08,construction;lunar,"Discovery metadata only; not a prevalence, quality, or quantitative-evidence claim."
10.1088/1361-6498/ae7d37,"A review of lunar regolith radiation shielding using <mml:math xmlns:mml=""http://www.w3.org/1998/Math/MathML""> <mml:mrow> <mml:mtext>in situ</mml:mtext> </mml:mrow> </mml:math> resource utilisation",2026,Journal of Radiological Protection,Eric He,journal-article,https://doi.org/10.1088/1361-6498/ae7d37,VERIFIED_CROSSREF,Q12,lunar;moon;regolith;solar,"Discovery metadata only; not a prevalence, quality, or quantitative-evidence claim."
10.1088/1674-4527/ae84fc,Permittivity Distribution of Lunar Regolith at the Chang'E-6 Landing Site Revealed by Array Radar Observations,2026,Research in Astronomy and Astrophysics,Wei Du; Yan Su; Zongyu Zhang; Francesco Soldovieri; Wei Guan,journal-article,https://doi.org/10.1088/1674-4527/ae84fc,VERIFIED_CROSSREF,Q08;Q13,construction;lunar;regolith,"Discovery metadata only; not a prevalence, quality, or quantitative-evidence claim."
10.1088/1758-5090/ae1e32,"Regolith-supported biofabrication: 3D bioprinting of living, photosynthetically active structures using Lunar and Martian regolith simulants",2026,Biofabrication,Johannes Windisch; Richard Frank Richter; Kristina Beblo-Vranesevic; Kaja Grewe; Petra Rettberg; Michael Gelinsky,journal-article,https://doi.org/10.1088/1758-5090/ae1e32,VERIFIED_CROSSREF,Q01;Q02;Q04;Q08;Q12;Q13;Q15,lunar;moon;printing;regolith;simulant,"Discovery metadata only; not a prevalence, quality, or quantitative-evidence claim."
10.1109/tps.2025.3615913,Electron Yields of Lunar Regolith Simulant Layers,2026,IEEE Transactions on Plasma Science,Christopher Vega; Matthew Robertson; Thomas Keaton; Heather Allen; J. R. Dennison,journal-article,https://doi.org/10.1109/tps.2025.3615913,VERIFIED_CROSSREF,Q03;Q09;Q10,lunar;regolith;simulant,"Discovery metadata only; not a prevalence, quality, or quantitative-evidence claim."
10.1111/jace.70705,In Situ Synthesis of Agglutinitic Glass and Np‐Fe <sup>0</sup> in a Chang'E‐5 Lunar Regolith Simulant for Multi‐Scale High Fidelity,2026,Journal of the American Ceramic Society,Zhengzheng Liu; Chuanlin Hu; Huajun Sun; Fazhou Wang,journal-article,https://doi.org/10.1111/jace.70705,VERIFIED_CROSSREF,Q12,lunar;melt;regolith;simulant,"Discovery metadata only; not a prevalence, quality, or quantitative-evidence claim."
10.15302/planet.2026.26008,Optimal laser power beaming network for powering Lunar permanently shadowed regions: a coverage–connectivity–cost trade-off,2026,Planet,,journal-article,https://doi.org/10.15302/planet.2026.26008,VERIFIED_CROSSREF,Q08,laser;lunar,"Discovery metadata only; not a prevalence, quality, or quantitative-evidence claim."
10.15302/planet.2026.26010,Efficient microwave self-heating of lunar regolith for &lt;i&gt;In Situ&lt;/i&gt; Resource Utilization (ISRU): methods and system validation,2026,Planet,,journal-article,https://doi.org/10.15302/planet.2026.26010,VERIFIED_CROSSREF,Q02;Q12,lunar;microwave;regolith,"Discovery metadata only; not a prevalence, quality, or quantitative-evidence claim."
10.1680/jadcr.25.00212,Interlayer bonding testing fixture for 3D-printed TJC-1 lunar regolith simulant geopolymer,2026,Advances in Cement Research,Jiajun Hu; Kequan Yu; Xiaolu Guo,journal-article,https://doi.org/10.1680/jadcr.25.00212,VERIFIED_CROSSREF,Q03;Q06;Q07;Q09;Q10,geopolymer;lunar;regolith;simulant,"Discovery metadata only; not a prevalence, quality, or quantitative-evidence claim."
10.2478/gsr-2026-0002,An Optimization to Increase Bacterial DNA Yield in a Lunar Regolith Simulant,2026,Gravitational and Space Research,Jéssica Carneiro Oliveira; Rafael Loureiro; Andrew Palmer; Camila Maistro Patreze,journal-article,https://doi.org/10.2478/gsr-2026-0002,VERIFIED_CROSSREF,Q09;Q10,lunar;regolith;simulant,"Discovery metadata only; not a prevalence, quality, or quantitative-evidence claim."
10.31881/tlr.2026.2582,Multi-Objective Decision-Making and Robust Optimization for Large-Scale Earth-Moon Material Transfer Systems in Lunar Base Construction,2026,Textile &amp; Leather Review,Shuran Lei; Xinjue Che,journal-article,https://doi.org/10.31881/tlr.2026.2582,VERIFIED_CROSSREF,Q12,construction;lunar;moon,"Discovery metadata only; not a prevalence, quality, or quantitative-evidence claim."
10.3389/fspas.2026.1869069,Correction: Genotype selection and microbial partnerships influence chickpea establishment in lunar regolith simulant,2026,Frontiers in Astronomy and Space Sciences,Jessica Atkin; Hikari Skabelund; Elizabeth Pierson; Shuyang Zhen; George J. Vandemark; Terry Gentry,journal-article,https://doi.org/10.3389/fspas.2026.1869069,VERIFIED_CROSSREF,Q09;Q10,lunar;regolith;simulant,"Discovery metadata only; not a prevalence, quality, or quantitative-evidence claim."
10.3390/aerospace13010106,High-Energy Detonation Based Lunar Regolith Simulation for Resource Utilization,2026,Aerospace,Junyue Tang; Antong Zhao; Shengyuan Jiang; Yang Li; Yu Li; Yi Yang,journal-article,https://doi.org/10.3390/aerospace13010106,VERIFIED_CROSSREF,Q01;Q02,construction;lunar;moon;regolith;simulant,"Discovery metadata only; not a prevalence, quality, or quantitative-evidence claim."
10.3390/aerospace13030223,A Pathfinder Lunar Construction Mission Concept Using Regolith Filled Bags,2026,Aerospace,Cameron S. Dickinson; Fu Nan Shi; Ketan Vasudeva; Rudranarayan M. Mukherjee; Joshua Blanchard; Steve Dubrule,journal-article,https://doi.org/10.3390/aerospace13030223,VERIFIED_CROSSREF,Q04;Q08;Q12;Q13;Q15,construction;lunar;moon;regolith;solar,"Discovery metadata only; not a prevalence, quality, or quantitative-evidence claim."
10.3390/aerospace13060492,Lunar Robotic Construction System Using Raw Regolith: System Engineering,2026,Aerospace,Ketan Vasudeva; M. Reza Emami,journal-article,https://doi.org/10.3390/aerospace13060492,VERIFIED_CROSSREF,Q01;Q02;Q04;Q05;Q06;Q08;Q11;Q12;Q13;Q14;Q15,construction;landing pad;lunar;moon;regolith,"Discovery metadata only; not a prevalence, quality, or quantitative-evidence claim."
10.3390/app16073327,Prediction of Shear Strength for Lunar Subsurface Regolith with Varying Particle Size Distributions and Relative Densities,2026,Applied Sciences,Jun Chen; Ruilin Li; Pin-Qiang Mo; Yukun Ji,journal-article,https://doi.org/10.3390/app16073327,VERIFIED_CROSSREF,Q01;Q02;Q06;Q07,construction;lunar;regolith;simulant,"Discovery metadata only; not a prevalence, quality, or quantitative-evidence claim."
10.3390/app16105082,Pressure Changes During Lunar Regolith Simulant Movement in Dusty Thermal Vacuum Chamber,2026,Applied Sciences,Karol Seweryn; Tadeusz Uhl; Wojciech Teper,journal-article,https://doi.org/10.3390/app16105082,VERIFIED_CROSSREF,Q01;Q03;Q06;Q09;Q10;Q15;parent_registry_v323,,"Legacy curated metadata; not a prevalence, quality, or quantitative-evidence claim."
10.3390/coatings16020222,Thermal Stress Evolution and Microstructural Development in Simulated Lunar Regolith During Microwave Sintering and Cooling,2026,Coatings,Zhenhua Xi; Qiang Wei; Yuming Liu,journal-article,https://doi.org/10.3390/coatings16020222,VERIFIED_CROSSREF,Q01;Q02;Q04;Q05;Q07;Q10;parent_registry_v323,,"Legacy curated metadata; not a prevalence, quality, or quantitative-evidence claim."
10.3390/data11010010,Spatial Dataset for Comparing 3D Measurement Techniques on Lunar Regolith Simulant Cones,2026,Data,Piotr Kędziorski; Janusz Kobaka; Jacek Katzer; Paweł Tysiąc; Marcin Jagoda; Machi Zawidzki,journal-article,https://doi.org/10.3390/data11010010,VERIFIED_CROSSREF,Q03;Q09;Q10;Q12,construction;laser;lunar;regolith;simulant,"Discovery metadata only; not a prevalence, quality, or quantitative-evidence claim."
10.3390/electronics15102206,Cyanate Ester–Lunar Regolith Composites for In Situ Fabrication of Structural Electronics on the Moon,2026,Electronics,Guancheng Li; Batuhan Mirac Alasahin; Mark Mirotznik; Robert L. Opila,journal-article,https://doi.org/10.3390/electronics15102206,VERIFIED_CROSSREF,Q12,composite;lunar;microwave;moon;regolith;simulant,"Discovery metadata only; not a prevalence, quality, or quantitative-evidence claim."
10.3390/geosciences16060219,"Strength Evolution of Lunar Highland Regolith Simulant LHS-1E with Moisture Content: Insights from Compressive, Shear, and Indirect Tensile Tests",2026,Geosciences,Gal-Erdene Battsengel; Noune Melkoumian; David Harvey; Rini Akmeliawati,journal-article,https://doi.org/10.3390/geosciences16060219,VERIFIED_CROSSREF,Q01;Q02;Q06;Q07;Q09;Q10;parent_registry_v323,,"Legacy curated metadata; not a prevalence, quality, or quantitative-evidence claim."
10.3390/ma19071439,Mesoscale Mechanisms Governing the Shear Strength of Lunar Regolith: Effects of Low Confining Stress and Irregular Particle Morphology,2026,Materials,Jun Chen; Ruilin Li; Yukun Ji; Pinqiang Mo,journal-article,https://doi.org/10.3390/ma19071439,VERIFIED_CROSSREF,Q01;Q02;Q06;Q07,construction;lunar;regolith;simulant,"Discovery metadata only; not a prevalence, quality, or quantitative-evidence claim."
10.3390/ma19091907,"Microwave-Sintered Lunar Regolith Bricks for Lunar Infrastructure: Fracture Behavior, Tribological Performance, and Electromagnetic Wave Transmission",2026,Materials,Kelei Zhu; Juntao Guo; Qiqi Ning; Zhaobo Han; Longxiang Xu; Zhen Liu,journal-article,https://doi.org/10.3390/ma19091907,VERIFIED_CROSSREF,Q01;Q02;Q04;Q06;Q08;Q12;Q15,construction;lunar;microwave;regolith;sinter,"Discovery metadata only; not a prevalence, quality, or quantitative-evidence claim."
10.3390/ma19102066,Influence of Particle Size and Mineralogical Composition on the Mechanical and Tribological Properties of Resin-Regolith-Composites for Non-Structural Applications,2026,Materials,Nicola Calisi; Stefano Caporali; Rosa Taurino,journal-article,https://doi.org/10.3390/ma19102066,VERIFIED_CROSSREF,Q14,composite;construction;lunar;manufactur;moon;regolith;simulant,"Discovery metadata only; not a prevalence, quality, or quantitative-evidence claim."
10.3390/ma19143037,Study on Basalt Fiber-Reinforced Lunar Regolith Simulant Geopolymer: Experiment and Constitutive Model,2026,Materials,Jianghuai Zhan; Lepeng Huang; Ziheng Ding; Fei Wang; Shuai Li; Xuanyi Xue,journal-article,https://doi.org/10.3390/ma19143037,VERIFIED_CROSSREF,Q06;Q07;Q08;Q09;Q10,construction;geopolymer;lunar;regolith;simulant,"Discovery metadata only; not a prevalence, quality, or quantitative-evidence claim."
10.3390/ma19143120,Metal Recovery from Lunar Regolith via Deep Eutectic Solvent Electrolysis for In Situ Resource Utilization,2026,Materials,Vesna S. Cvetković; Nataša M. Petrović; Ksenija Milicevic Neumann; Bernd Friedrich; Jovan N. Jovićević,journal-article,https://doi.org/10.3390/ma19143120,VERIFIED_CROSSREF,Q12,lunar;moon;regolith;simulant,"Discovery metadata only; not a prevalence, quality, or quantitative-evidence claim."
10.3390/polym18080998,Analytical Evaluation of Stress–Strain Behavior and Reaction Mechanism of Lunar Regolith Simulant (CQU-1) Geopolymer,2026,Polymers,Weibo Lu; Yu Shi; Xuanyi Xue; Guozhong Cheng; Honglong Li,journal-article,https://doi.org/10.3390/polym18080998,VERIFIED_CROSSREF,Q06;Q07;Q09;Q10,construction;geopolymer;lunar;manufactur;regolith;simulant,"Discovery metadata only; not a prevalence, quality, or quantitative-evidence claim."
10.3390/polym18101169,Effects of Freeze–Thaw Cycles and Basalt Fiber Reinforcement on the Mechanical Properties and Constitutive Model of Lunar Regolith Simulant Geopolymer Under In Situ Construction Environments,2026,Polymers,Jianghuai Zhan; Xuanyi Xue; Haolan Yi; Fei Wang; Shuai Li; Jianmin Hua,journal-article,https://doi.org/10.3390/polym18101169,VERIFIED_CROSSREF,Q03;Q04;Q06;Q07;Q08;Q10;Q12;Q13;Q14;Q15,construction;geopolymer;lunar;regolith;simulant,"Discovery metadata only; not a prevalence, quality, or quantitative-evidence claim."
10.34133/space.0436,Manure Amendments Improve Plant Growth and Productivity in Lunar Regolith Simulant,2026,Space: Science &amp; Technology,Yu Chen Wang; Charles Wang Wai Ng; Wen Hui Yan; Trishia Liezl Dela Cruz,journal-article,https://doi.org/10.34133/space.0436,VERIFIED_CROSSREF,Q09;Q10,lunar;moon;regolith;simulant,"Discovery metadata only; not a prevalence, quality, or quantitative-evidence claim."
10.55041/ijsrem57908,Radiation Shielding Materials for Extraterrestrial Construction: Integrating Regolith Derived Geopolymers and Multilayered Envelopes for Safe Human Habitation Beyond Earth,2026,INTERNATIONAL JOURNAL OF SCIENTIFIC RESEARCH IN ENGINEERING AND MANAGEMENT,Dr. Vishnu P Prakash; Prof. Arun Baby M Wilson; Dennis Merison,journal-article,https://doi.org/10.55041/ijsrem57908,VERIFIED_CROSSREF,Q15,construction;geopolymer;moon;regolith;solar,"Discovery metadata only; not a prevalence, quality, or quantitative-evidence claim."
10.55632/pwvas.v98i1.1234,Lunar Regolith-Integrated Geodesic Kinetic Habitat,2026,Proceedings of the West Virginia Academy of Science,Matthew Mawhinney; Joel Dugan,journal-article,https://doi.org/10.55632/pwvas.v98i1.1234,VERIFIED_CROSSREF,Q01;Q02;Q04;Q05;Q06;Q07;Q08;Q11;Q12;Q13;Q14;Q15,composite;lunar;regolith,"Discovery metadata only; not a prevalence, quality, or quantitative-evidence claim."
10.70401/jbde.2026.0040,Alkali-activated lunar regolith simulant: Prediction and optimization framework incorporating extreme environmental effects and transport payload-driven design,2026,Journal of Building Design and Environment,Yizhou Yao; Wei Zhang; Huawei Liu; Chao Zhu; Xin Li; Xianqin Chen,journal-article,https://doi.org/10.70401/jbde.2026.0040,VERIFIED_CROSSREF,Q10,construction;lunar;regolith;simulant,"Discovery metadata only; not a prevalence, quality, or quantitative-evidence claim."
10.1007/978-3-032-09399-8_150,Mechanical Investigation of Regolith-Resin-Fibre-Composite (RRFC) for Lunar Construction,2026.0,Lecture Notes in Civil Engineering,Mohammad A. Hossain; Scott T. Smith; T. Tafsirojjaman,book-chapter,https://doi.org/10.1007/978-3-032-09399-8_150,VERIFIED_CROSSREF,parent_registry_v323,,"Legacy curated metadata; not a prevalence, quality, or quantitative-evidence claim."
10.2139/ssrn.6233363,Multimodal Evaluation of Reactivity in Lunar and Martian Regolith Simulants for Extraterrestrial Construction Applications,2026.0,not_extracted,Matias Leon-Miquel; Brandon Byers; Qingxu Jin,posted-content,https://doi.org/10.2139/ssrn.6233363,VERIFIED_CROSSREF,parent_registry_v323,,"Legacy curated metadata; not a prevalence, quality, or quantitative-evidence claim."
10.31224/6983,Compaction performance of a scale model vibrating drum roller on lunar highlands regolith simulant,2026.0,not_extracted,Akshay Kumar Agarwal; Brendan Scott; Mark Jaksa,posted-content,https://doi.org/10.31224/6983,VERIFIED_CROSSREF,parent_registry_v323,,"Legacy curated metadata; not a prevalence, quality, or quantitative-evidence claim."
10.1021/acsaenm.4c00158.s001,Thermal Weathering of 3D-Printed Lunar Regolith Simulant Composites,not_extracted,not_extracted,,component,https://doi.org/10.1021/acsaenm.4c00158.s001,VERIFIED_CROSSREF,parent_registry_v323,,"Legacy curated metadata; not a prevalence, quality, or quantitative-evidence claim."
10.1021/acsomega.4c02702.s001,Self-Sufficient Production of Lunar Regolith Gravels on the Moon by Ultrarapid Microwave Sintering,not_extracted,not_extracted,,component,https://doi.org/10.1021/acsomega.4c02702.s001,VERIFIED_CROSSREF,parent_registry_v323,,"Legacy curated metadata; not a prevalence, quality, or quantitative-evidence claim."
10.14711/thesis-b1255638,Lunar regolith modeling based on Chang'E microwave brightness temperature measurements,not_extracted,not_extracted,Sung Fung Sum,dissertation,https://doi.org/10.14711/thesis-b1255638,VERIFIED_CROSSREF,parent_registry_v323,,"Legacy curated metadata; not a prevalence, quality, or quantitative-evidence claim."
10.33009/fsu_31a87919-7739-4b99-a9ec-ae10a5af5e60,Investigating+Energy+for+Porosity+Control+in+Regolith+Sintering,not_extracted,DigiNole,,dataset,https://doi.org/10.33009/fsu_31a87919-7739-4b99-a9ec-ae10a5af5e60,VERIFIED_CROSSREF,parent_registry_v323,,"Legacy curated metadata; not a prevalence, quality, or quantitative-evidence claim."
10.37099/mtu.dc.etdr/1601,DESIGN AND IMPLEMENTATION TOOLS FOR LUNAR SURFACE REGOLITH STRUCTURE CONSTRUCTION,not_extracted,not_extracted,Joseph B. Primeau,dissertation,https://doi.org/10.37099/mtu.dc.etdr/1601,VERIFIED_CROSSREF,parent_registry_v323,,"Legacy curated metadata; not a prevalence, quality, or quantitative-evidence claim."
