available_power_cap_kW,route,cases_below_or_equal_cap,total_cases_per_route,share
5,CSS,9,81,0.1111111111111111
5,Cold sinter,23,81,0.2839506172839506
5,Geopolymer,7,81,0.08641975308641975
5,SPS,0,81,0.0
10,CSS,22,81,0.2716049382716049
10,Cold sinter,41,81,0.5061728395061729
10,Geopolymer,20,81,0.24691358024691357
10,SPS,1,81,0.012345679012345678
